tag_id,count,tag
0,20419211
1,0
2,0
3,0
4,0
5,0
6,0
7,0
8,0
9,0
10,0
11,0
12,0
13,0
14,0
15,0
16,0
17,0
18,0
19,0
20,0
21,0
22,0
23,0
24,0
25,0
26,0
27,0
28,0
29,0
30,0
31,0
32,0
33,0
34,0
35,0
36,0
37,0
38,0
39,0
40,0
41,0
42,0
43,0
44,0
45,0
46,0
47,0
48,0
49,0
50,0
51,0
52,0
53,0
54,0
55,0
56,0
57,0
58,0
59,0
60,0
61,0
62,0
63,0
64,0
65,0
66,0
67,0
68,0
69,0
70,0
71,0
72,0
73,0
74,0
75,0
76,0
77,2240
78,0
79,0
80,0
81,0
82,0
83,0
84,0
85,0
86,9425
87,0
88,0
89,0
90,0
91,0
92,0
93,0
94,0
95,0
96,0
97,0
98,0
99,15079536
100,0
101,0
102,1
103,0
104,0
105,0
106,0
107,0
108,0
109,0
110,0
111,0
112,0
113,0
114,0
115,0
116,0
117,0
118,0
119,0
120,0
121,0
122,0
123,0
124,0
125,0
126,0
127,0
128,0
129,0
130,0
131,0
132,17
133,0
134,0
135,0
136,0
137,0
138,0
139,0
140,0
141,0
142,0
143,0
144,0
145,0
146,0
147,0
148,0
149,0
150,0
151,0
152,0
153,0
154,157
155,0
156,0
157,0
158,119
159,0
160,0
161,0
162,0
163,0
164,0
165,0
166,0
167,0
168,0
169,0
170,0
171,0
172,220
173,0
174,0
175,0
176,0
177,0
178,0
179,0
180,0
181,0
182,0
183,0
184,0
185,0
186,58
187,0
188,345
189,0
190,0
191,0
192,166
193,0
194,0
195,0
196,0
197,0
198,0
199,0
200,0
201,0
202,0
203,0
204,0
205,0
206,0
207,0
208,0
209,0
210,0
211,0
212,0
213,0
214,0
215,1
216,0
217,0
218,320
219,0
220,0
221,0
222,0
223,0
224,0
225,0
226,0
227,0
228,0
229,0
230,0
231,0
232,0
233,0
234,0
235,0
236,0
237,0
238,0
239,12
240,0
241,0
242,0
243,0
244,0
245,0
246,0
247,0
248,0
249,0
250,0
251,0
252,0
253,0
254,0
255,18
256,0
257,0
258,0
259,0
260,0
261,0
262,0
263,0
264,0
265,0
266,0
267,0
268,0
269,0
270,0
271,0
272,0
273,0
274,0
275,0
276,0
277,1
278,0
279,0
280,9
281,0
282,0
283,0
284,0
285,0
286,0
287,0
288,0
289,0
290,0
291,0
292,0
293,0
294,0
295,0
296,0
297,0
298,0
299,0
300,0
301,0
302,0
303,0
304,0
305,0
306,0
307,0
308,0
309,2057
310,0
311,0
312,0
313,0
314,0
315,0
316,0
317,0
318,0
319,0
320,0
321,0
322,0
323,0
324,2482
325,3030993
326,0
327,0
328,0
329,0
330,0
331,0
332,0
333,0
334,0
335,0
336,0
337,0
338,0
339,169
340,0
341,0
342,0
343,0
344,0
345,0
346,0
347,0
348,0
349,0
350,0
351,0
352,0
353,0
354,0
355,0
356,0
357,0
358,0
359,0
360,0
361,0
362,0
363,0
364,0
365,404
366,269
367,0
368,0
369,0
370,0
371,0
372,0
373,11
374,0
375,0
376,0
377,0
378,0
379,0
380,0
381,0
382,0
383,0
384,0
385,0
386,0
387,0
388,0
389,0
390,0
391,0
392,0
393,0
394,0
395,0
396,0
397,0
398,0
399,0
400,110
401,0
402,3522
403,0
404,0
405,0
406,0
407,0
408,0
409,0
410,0
411,0
412,0
413,0
414,0
415,0
416,0
417,0
418,0
419,0
420,20
421,0
422,0
423,0
424,0
425,0
426,0
427,0
428,0
429,0
430,0
431,0
432,0
433,0
434,0
435,0
436,0
437,0
438,0
439,0
440,0
441,0
442,0
443,0
444,0
445,4
446,0
447,0
448,0
449,0
450,0
451,0
452,0
453,0
454,5059
455,0
456,124
457,0
458,0
459,0
460,4
461,0
462,0
463,0
464,0
465,3919
466,0
467,0
468,0
469,0
470,0
471,0
472,0
473,0
474,0
475,164
476,14
477,0
478,0
479,0
480,0
481,0
482,0
483,0
484,0
485,0
486,0
487,0
488,0
489,0
490,0
491,0
492,0
493,0
494,0
495,0
496,0
497,0
498,0
499,0
500,0
501,0
502,0
503,0
504,0
505,2153
506,8
507,0
508,0
509,0
510,33
511,0
512,0
513,0
514,0
515,0
516,0
517,0
518,0
519,0
520,0
521,0
522,0
523,0
524,0
525,0
526,0
527,0
528,0
529,0
530,0
531,0
532,111
533,0
534,0
535,0
536,0
537,0
538,0
539,0
540,0
541,0
542,0
543,0
544,0
545,0
546,4429
547,0
548,0
549,0
550,0
551,0
552,0
553,0
554,9365
555,0
556,0
557,0
558,0
559,0
560,0
561,0
562,0
563,0
564,0
565,0
566,0
567,0
568,0
569,0
570,0
571,0
572,0
573,0
574,0
575,0
576,0
577,0
578,0
579,0
580,0
581,0
582,5
583,0
584,0
585,0
586,0
587,0
588,0
589,0
590,0
591,0
592,0
593,203389
594,0
595,0
596,0
597,0
598,0
599,0
600,0
601,0
602,0
603,0
604,0
605,0
606,0
607,0
608,0
609,0
610,0
611,0
612,0
613,0
614,0
615,0
616,0
617,0
618,0
619,0
620,0
621,0
622,0
623,0
624,0
625,16
626,0
627,0
628,0
629,0
630,0
631,0
632,2148
633,933
634,0
635,0
636,0
637,1014
638,9256
639,0
640,0
641,0
642,0
643,0
644,0
645,55
646,0
647,0
648,0
649,0
650,0
651,0
652,0
653,0
654,0
655,0
656,0
657,0
658,0
659,0
660,0
661,0
662,0
663,50
664,0
665,0
666,0
667,2
668,0
669,0
670,4554
671,0
672,0
673,0
674,0
675,0
676,0
677,0
678,0
679,5
680,0
681,6
682,0
683,0
684,0
685,0
686,37952
687,2
688,19
689,1494
690,20
691,0
692,0
693,297
694,0
695,0
696,0
697,0
698,0
699,0
700,0
701,0
702,0
703,3128
704,0
705,0
706,0
707,0
708,0
709,0
710,0
711,0
712,0
713,0
714,10
715,0
716,0
717,0
718,0
719,0
720,0
721,0
722,0
723,0
724,0
725,0
726,0
727,0
728,0
729,0
730,314
731,0
732,0
733,0
734,7744
735,0
736,0
737,0
738,0
739,0
740,0
741,0
742,0
743,0
744,0
745,0
746,0
747,0
748,0
749,21
750,0
751,0
752,0
753,0
754,412
755,0
756,0
757,0
758,0
759,0
760,0
761,0
762,0
763,0
764,821
765,0
766,0
767,0
768,0
769,0
770,0
771,0
772,0
773,0
774,0
775,0
776,0
777,7
778,0
779,0
780,0
781,0
782,0
783,1
784,0
785,0
786,0
787,0
788,0
789,0
790,0
791,0
792,0
793,0
794,0
795,0
796,0
797,0
798,0
799,0
800,0
801,0
802,0
803,0
804,0
805,0
806,0
807,0
808,0
809,0
810,0
811,0
812,0
813,0
814,0
815,18
816,0
817,0
818,0
819,0
820,0
821,0
822,31
823,0
824,0
825,0
826,0
827,0
828,0
829,0
830,0
831,0
832,0
833,0
834,0
835,0
836,0
837,0
838,0
839,0
840,0
841,0
842,0
843,0
844,0
845,0
846,0
847,0
848,0
849,0
850,0
851,0
852,0
853,0
854,0
855,0
856,0
857,0
858,0
859,0
860,0
861,0
862,0
863,0
864,0
865,0
866,0
867,0
868,0
869,0
870,0
871,0
872,0
873,0
874,0
875,0
876,82
877,0
878,0
879,0
880,0
881,0
882,0
883,0
884,0
885,0
886,0
887,0
888,0
889,0
890,0
891,0
892,0
893,0
894,0
895,0
896,0
897,0
898,0
899,56
900,0
901,0
902,0
903,0
904,0
905,0
906,0
907,0
908,0
909,0
910,0
911,0
912,0
913,0
914,0
915,0
916,0
917,0
918,0
919,526
920,0
921,2573
922,0
923,0
924,0
925,0
926,0
927,0
928,0
929,0
930,0
931,0
932,0
933,0
934,0
935,0
936,0
937,0
938,13
939,0
940,0
941,0
942,204
943,0
944,0
945,0
946,0
947,0
948,0
949,0
950,0
951,0
952,0
953,0
954,0
955,0
956,0
957,0
958,0
959,2419
960,0
961,0
962,0
963,0
964,0
965,0
966,0
967,0
968,0
969,0
970,0
971,0
972,0
973,0
974,0
975,0
976,0
977,0
978,0
979,0
980,0
981,0
982,0
983,25115
984,0
985,0
986,0
987,0
988,0
989,0
990,0
991,4705
992,0
993,0
994,0
995,0
996,0
997,0
998,0
999,0
1000,0
1001,0
1002,0
1003,0
1004,0
1005,0
1006,0
1007,0
1008,0
1009,0
1010,0
1011,0
1012,0
1013,0
1014,0
1015,0
1016,0
1017,0
1018,0
1019,0
1020,0
1021,0
1022,384
1023,0
1024,0
1025,0
1026,0
1027,0
1028,0
1029,0
1030,0
1031,0
1032,0
1033,0
1034,0
1035,0
1036,0
1037,0
1038,0
1039,0
1040,0
1041,0
1042,0
1043,0
1044,0
1045,0
1046,0
1047,0
1048,0
1049,0
1050,0
1051,0
1052,0
1053,0
1054,0
1055,1
1056,0
1057,0
1058,0
1059,0
1060,0
1061,0
1062,0
1063,0
1064,0
1065,0
1066,0
1067,576
1068,0
1069,0
1070,0
1071,0
1072,0
1073,67
1074,0
1075,0
1076,0
1077,0
1078,0
1079,0
1080,0
1081,0
1082,0
1083,0
1084,0
1085,0
1086,0
1087,1
1088,0
1089,0
1090,5
1091,914
1092,0
1093,0
1094,0
1095,0
1096,0
1097,0
1098,0
1099,0
1100,0
1101,2578
1102,0
1103,0
1104,0
1105,33638
1106,0
1107,0
1108,0
1109,0
1110,0
1111,0
1112,0
1113,0
1114,0
1115,1
1116,0
1117,0
1118,0
1119,0
1120,0
1121,0
1122,2495
1123,0
1124,0
1125,0
1126,0
1127,0
1128,0
1129,0
1130,0
1131,0
1132,0
1133,0
1134,0
1135,0
1136,0
1137,0
1138,0
1139,14233
1140,0
1141,0
1142,0
1143,0
1144,0
1145,0
1146,0
1147,0
1148,0
1149,0
1150,0
1151,0
1152,0
1153,0
1154,0
1155,0
1156,0
1157,0
1158,0
1159,0
1160,0
1161,2
1162,0
1163,0
1164,0
1165,0
1166,0
1167,0
1168,0
1169,0
1170,0
1171,0
1172,0
1173,0
1174,0
1175,29
1176,0
1177,0
1178,0
1179,1819
1180,0
1181,0
1182,0
1183,0
1184,0
1185,0
1186,0
1187,0
1188,2109
1189,0
1190,0
1191,0
1192,0
1193,0
1194,0
1195,0
1196,0
1197,0
1198,0
1199,0
1200,0
1201,0
1202,0
1203,9147
1204,0
1205,0
1206,0
1207,0
1208,0
1209,0
1210,0
1211,0
1212,0
1213,0
1214,102
1215,0
1216,0
1217,0
1218,0
1219,0
1220,0
1221,0
1222,0
1223,0
1224,0
1225,0
1226,0
1227,0
1228,0
1229,0
1230,0
1231,0
1232,0
1233,0
1234,0
1235,0
1236,0
1237,0
1238,0
1239,0
1240,0
1241,0
1242,0
1243,0
1244,0
1245,0
1246,0
1247,0
1248,0
1249,0
1250,0
1251,0
1252,0
1253,0
1254,167611
1255,0
1256,0
1257,111
1258,284
1259,0
1260,0
1261,0
1262,8607
1263,0
1264,0
1265,0
1266,0
1267,0
1268,0
1269,0
1270,0
1271,300
1272,0
1273,0
1274,17
1275,0
1276,0
1277,0
1278,0
1279,0
1280,0
1281,0
1282,0
1283,0
1284,0
1285,0
1286,0
1287,0
1288,0
1289,0
1290,0
1291,0
1292,0
1293,0
1294,0
1295,0
1296,0
1297,0
1298,0
1299,0
1300,0
1301,0
1302,0
1303,0
1304,0
1305,0
1306,0
1307,0
1308,0
1309,0
1310,0
1311,0
1312,0
1313,0
1314,0
1315,0
1316,0
1317,0
1318,0
1319,5
1320,0
1321,0
1322,0
1323,0
1324,0
1325,0
1326,0
1327,0
1328,0
1329,0
1330,0
1331,1
1332,0
1333,0
1334,0
1335,0
1336,0
1337,0
1338,0
1339,0
1340,0
1341,0
1342,0
1343,0
1344,656
1345,0
1346,0
1347,0
1348,0
1349,0
1350,108
1351,0
1352,0
1353,0
1354,0
1355,0
1356,0
1357,0
1358,0
1359,0
1360,0
1361,0
1362,0
1363,0
1364,0
1365,0
1366,0
1367,0
1368,0
1369,0
1370,0
1371,0
1372,0
1373,0
1374,0
1375,3284
1376,0
1377,0
1378,0
1379,0
1380,0
1381,0
1382,37928
1383,0
1384,0
1385,0
1386,0
1387,0
1388,0
1389,0
1390,237
1391,0
1392,0
1393,0
1394,0
1395,0
1396,0
1397,0
1398,25
1399,0
1400,11
1401,0
1402,0
1403,31
1404,0
1405,5
1406,0
1407,0
1408,0
1409,0
1410,0
1411,0
1412,0
1413,0
1414,0
1415,0
1416,0
1417,0
1418,0
1419,0
1420,14
1421,0
1422,0
1423,11
1424,0
1425,0
1426,0
1427,0
1428,0
1429,0
1430,0
1431,0
1432,0
1433,0
1434,0
1435,0
1436,0
1437,0
1438,0
1439,0
1440,0
1441,406
1442,0
1443,0
1444,0
1445,0
1446,0
1447,0
1448,0
1449,8
1450,0
1451,0
1452,0
1453,0
1454,0
1455,0
1456,0
1457,0
1458,0
1459,0
1460,0
1461,0
1462,0
1463,0
1464,0
1465,0
1466,0
1467,0
1468,0
1469,0
1470,0
1471,0
1472,0
1473,0
1474,0
1475,0
1476,226
1477,0
1478,0
1479,0
1480,0
1481,0
1482,0
1483,0
1484,0
1485,0
1486,0
1487,0
1488,0
1489,0
1490,0
1491,0
1492,1
1493,0
1494,0
1495,0
1496,0
1497,0
1498,0
1499,0
1500,0
1501,2210
1502,0
1503,2275
1504,0
1505,0
1506,0
1507,0
1508,0
1509,0
1510,0
1511,0
1512,4
1513,0
1514,0
1515,0
1516,0
1517,0
1518,2196980
1519,0
1520,0
1521,0
1522,0
1523,0
1524,0
1525,0
1526,0
1527,0
1528,0
1529,0
1530,0
1531,0
1532,0
1533,0
1534,0
1535,0
1536,0
1537,0
1538,0
1539,0
1540,0
1541,0
1542,0
1543,0
1544,0
1545,0
1546,0
1547,0
1548,0
1549,0
1550,0
1551,0
1552,0
1553,0
1554,0
1555,0
1556,0
1557,0
1558,0
1559,0
1560,0
1561,0
1562,0
1563,0
1564,0
1565,0
1566,0
1567,0
1568,0
1569,0
1570,0
1571,0
1572,0
1573,0
1574,0
1575,0
1576,0
1577,0
1578,0
1579,0
1580,0
1581,0
1582,0
1583,0
1584,0
1585,0
1586,0
1587,0
1588,0
1589,0
1590,0
1591,0
1592,0
1593,0
1594,0
1595,0
1596,0
1597,0
1598,0
1599,0
1600,0
1601,0
1602,0
1603,0
1604,0
1605,0
1606,0
1607,0
1608,18600
1609,0
1610,0
1611,0
1612,0
1613,0
1614,0
1615,0
1616,0
1617,0
1618,0
1619,0
1620,0
1621,0
1622,0
1623,0
1624,0
1625,0
1626,0
1627,0
1628,0
1629,0
1630,0
1631,0
1632,0
1633,0
1634,0
1635,0
1636,0
1637,0
1638,0
1639,0
1640,0
1641,0
1642,0
1643,0
1644,0
1645,0
1646,0
1647,0
1648,0
1649,0
1650,0
1651,0
1652,0
1653,0
1654,0
1655,0
1656,0
1657,0
1658,0
1659,0
1660,0
1661,0
1662,0
1663,0
1664,0
1665,0
1666,0
1667,0
1668,0
1669,0
1670,0
1671,0
1672,0
1673,0
1674,0
1675,0
1676,0
1677,0
1678,0
1679,0
1680,0
1681,0
1682,0
1683,0
1684,0
1685,0
1686,0
1687,0
1688,0
1689,0
1690,0
1691,0
1692,0
1693,0
1694,0
1695,0
1696,0
1697,0
1698,0
1699,0
1700,0
1701,0
1702,0
1703,0
1704,0
1705,0
1706,0
1707,0
1708,0
1709,0
1710,0
1711,0
1712,0
1713,0
1714,0
1715,0
1716,0
1717,0
1718,0
1719,0
1720,0
1721,0
1722,0
1723,0
1724,0
1725,0
1726,0
1727,0
1728,0
1729,0
1730,0
1731,0
1732,0
1733,0
1734,0
1735,0
1736,0
1737,0
1738,0
1739,0
1740,0
1741,0
1742,0
1743,0
1744,0
1745,0
1746,0
1747,0
1748,0
1749,0
1750,0
1751,0
1752,0
1753,0
1754,0
1755,0
1756,0
1757,0
1758,0
1759,0
1760,0
1761,0
1762,0
1763,0
1764,0
1765,0
1766,0
1767,0
1768,0
1769,0
1770,0
1771,0
1772,0
1773,0
1774,0
1775,0
1776,0
1777,0
1778,0
1779,0
1780,0
1781,0
1782,0
1783,0
1784,0
1785,0
1786,0
1787,0
1788,0
1789,0
1790,0
1791,0
1792,0
1793,0
1794,0
1795,0
1796,0
1797,0
1798,0
1799,0
1800,0
1801,0
1802,0
1803,0
1804,0
1805,0
1806,0
1807,0
1808,0
1809,0
1810,0
1811,0
1812,0
1813,0
1814,0
1815,0
1816,0
1817,0
1818,0
1819,0
1820,0
1821,0
1822,0
1823,0
1824,0
1825,0
1826,0
1827,0
1828,0
1829,0
1830,0
1831,0
1832,0
1833,0
1834,0
1835,0
1836,0
1837,0
1838,0
1839,0
1840,0
1841,0
1842,0
1843,0
1844,0
1845,0
1846,0
1847,0
1848,0
1849,0
1850,0
1851,0
1852,0
1853,0
1854,0
1855,0
1856,0
1857,0
1858,0
1859,0
1860,0
1861,0
1862,0
1863,0
1864,0
1865,0
1866,0
1867,0
1868,0
1869,0
1870,0
1871,0
1872,0
1873,0
1874,0
1875,0
1876,0
1877,0
1878,0
1879,0
1880,0
1881,0
1882,0
1883,0
1884,0
1885,0
1886,0
1887,0
1888,0
1889,0
1890,0
1891,0
1892,0
1893,0
1894,0
1895,0
1896,0
1897,0
1898,0
1899,0
1900,0
1901,0
1902,0
1903,0
1904,0
1905,0
1906,0
1907,0
1908,0
1909,0
1910,0
1911,0
1912,0
1913,0
1914,0
1915,0
1916,0
1917,0
1918,0
1919,0
1920,0
1921,0
1922,0
1923,0
1924,0
1925,0
1926,0
1927,0
1928,0
1929,0
1930,0
1931,0
1932,0
1933,0
1934,0
1935,0
1936,0
1937,0
1938,0
1939,0
1940,0
1941,0
1942,0
1943,0
1944,0
1945,0
1946,0
1947,0
1948,0
1949,0
1950,0
1951,0
1952,0
1953,0
1954,0
1955,0
1956,0
1957,0
1958,0
1959,0
1960,39989
1961,0
1962,0
1963,0
1964,0
1965,0
1966,0
1967,0
1968,0
1969,0
1970,0
1971,0
1972,0
1973,0
1974,0
1975,5
1976,0
1977,0
1978,0
1979,0
1980,0
1981,0
1982,0
1983,1319
1984,0
1985,2
1986,0
1987,0
1988,0
1989,0
1990,6025
1991,0
1992,0
1993,0
1994,0
1995,0
1996,0
1997,0
1998,0
1999,0
2000,0
2001,0
2002,0
2003,0
2004,0
2005,0
2006,0
2007,0
2008,196
2009,0
2010,0
2011,0
2012,0
2013,166
2014,0
2015,0
2016,0
2017,0
2018,0
2019,0
2020,0
2021,0
2022,0
2023,0
2024,0
2025,0
2026,0
2027,0
2028,171
2029,0
2030,26339
2031,0
2032,0
2033,151
2034,0
2035,0
2036,0
2037,0
2038,0
2039,0
2040,0
2041,0
2042,0
2043,0
2044,0
2045,0
2046,0
2047,0
2048,0
2049,0
2050,0
2051,0
2052,1442
2053,0
2054,0
2055,0
2056,0
2057,0
2058,0
2059,0
2060,0
2061,0
2062,0
2063,0
2064,0
2065,0
2066,0
2067,0
2068,0
2069,0
2070,197020
2071,0
2072,0
2073,0
2074,0
2075,0
2076,0
2077,0
2078,0
2079,0
2080,0
2081,0
2082,0
2083,0
2084,0
2085,0
2086,0
2087,0
2088,0
2089,0
2090,0
2091,0
2092,0
2093,0
2094,0
2095,0
2096,0
2097,0
2098,0
2099,0
2100,0
2101,0
2102,3
2103,0
2104,0
2105,0
2106,0
2107,0
2108,0
2109,471
2110,0
2111,0
2112,0
2113,0
2114,0
2115,0
2116,0
2117,0
2118,0
2119,0
2120,3418
2121,2174
2122,0
2123,0
2124,0
2125,0
2126,0
2127,0
2128,0
2129,0
2130,1361
2131,0
2132,0
2133,0
2134,12333
2135,145
2136,0
2137,420
2138,0
2139,400
2140,0
2141,0
2142,0
2143,0
2144,0
2145,941
2146,0
2147,0
2148,0
2149,0
2150,0
2151,0
2152,0
2153,0
2154,0
2155,0
2156,0
2157,0
2158,0
2159,0
2160,0
2161,0
2162,0
2163,0
2164,0
2165,0
2166,23038
2167,0
2168,0
2169,0
2170,0
2171,0
2172,0
2173,0
2174,0
2175,0
2176,0
2177,0
2178,0
2179,0
2180,0
2181,0
2182,0
2183,0
2184,0
2185,33
2186,0
2187,0
2188,0
2189,0
2190,0
2191,0
2192,0
2193,0
2194,0
2195,0
2196,0
2197,574
2198,0
2199,0
2200,0
2201,0
2202,0
2203,0
2204,0
2205,0
2206,0
2207,0
2208,0
2209,0
2210,0
2211,0
2212,1006
2213,1859
2214,28
2215,0
2216,0
2217,1381
2218,0
2219,0
2220,0
2221,0
2222,0
2223,0
2224,0
2225,0
2226,0
2227,0
2228,0
2229,0
2230,0
2231,0
2232,0
2233,0
2234,521
2235,0
2236,0
2237,0
2238,0
2239,0
2240,0
2241,0
2242,0
2243,0
2244,0
2245,0
2246,0
2247,0
2248,0
2249,0
2250,0
2251,0
2252,0
2253,0
2254,0
2255,0
2256,11
2257,0
2258,0
2259,0
2260,0
2261,0
2262,0
2263,0
2264,0
2265,0
2266,0
2267,0
2268,0
2269,0
2270,0
2271,0
2272,0
2273,0
2274,0
2275,0
2276,0
2277,0
2278,0
2279,0
2280,0
2281,0
2282,3305
2283,0
2284,0
2285,0
2286,0
2287,0
2288,0
2289,0
2290,0
2291,3
2292,0
2293,36
2294,128
2295,0
2296,0
2297,0
2298,8
2299,0
2300,1
2301,0
2302,0
2303,0
2304,0
2305,0
2306,0
2307,0
2308,0
2309,0
2310,0
2311,36861
2312,0
2313,0
2314,0
2315,0
2316,0
2317,0
2318,0
2319,0
2320,137
2321,0
2322,0
2323,0
2324,0
2325,0
2326,0
2327,18
2328,0
2329,0
2330,0
2331,0
2332,0
2333,0
2334,0
2335,0
2336,0
2337,0
2338,0
2339,0
2340,314
2341,0
2342,0
2343,0
2344,0
2345,0
2346,0
2347,0
2348,0
2349,0
2350,0
2351,0
2352,0
2353,114
2354,0
2355,0
2356,0
2357,0
2358,0
2359,0
2360,0
2361,0
2362,0
2363,1503
2364,0
2365,0
2366,0
2367,0
2368,0
2369,0
2370,0
2371,0
2372,0
2373,0
2374,0
2375,0
2376,0
2377,0
2378,0
2379,1
2380,0
2381,1
2382,0
2383,0
2384,0
2385,279563
2386,0
2387,0
2388,0
2389,0
2390,0
2391,0
2392,0
2393,0
2394,0
2395,0
2396,0
2397,0
2398,0
2399,0
2400,0
2401,0
2402,0
2403,0
2404,0
2405,0
2406,0
2407,0
2408,0
2409,0
2410,0
2411,0
2412,0
2413,0
2414,0
2415,0
2416,0
2417,0
2418,0
2419,0
2420,0
2421,0
2422,0
2423,0
2424,0
2425,0
2426,0
2427,0
2428,0
2429,0
2430,0
2431,0
2432,0
2433,0
2434,0
2435,0
2436,0
2437,0
2438,0
2439,0
2440,0
2441,0
2442,0
2443,0
2444,0
2445,0
2446,0
2447,0
2448,0
2449,0
2450,0
2451,0
2452,0
2453,0
2454,0
2455,0
2456,0
2457,0
2458,0
2459,0
2460,0
2461,0
2462,0
2463,0
2464,0
2465,0
2466,0
2467,0
2468,0
2469,0
2470,0
2471,0
2472,0
2473,0
2474,0
2475,0
2476,0
2477,0
2478,0
2479,0
2480,0
2481,0
2482,0
2483,0
2484,0
2485,0
2486,0
2487,0
2488,0
2489,0
2490,0
2491,0
2492,0
2493,0
2494,0
2495,0
2496,0
2497,0
2498,0
2499,0
2500,0
2501,0
2502,0
2503,0
2504,0
2505,0
2506,0
2507,0
2508,0
2509,0
2510,0
2511,0
2512,0
2513,0
2514,0
2515,0
2516,0
2517,0
2518,0
2519,0
2520,0
2521,0
2522,0
2523,0
2524,0
2525,0
2526,0
2527,0
2528,0
2529,0
2530,0
2531,0
2532,0
2533,0
2534,0
2535,0
2536,0
2537,0
2538,0
2539,0
2540,0
2541,0
2542,0
2543,0
2544,0
2545,0
2546,0
2547,0
2548,0
2549,0
2550,0
2551,0
2552,0
2553,0
2554,0
2555,0
2556,0
2557,0
2558,0
2559,0
2560,0
2561,0
2562,0
2563,0
2564,0
2565,0
2566,0
2567,0
2568,0
2569,0
2570,0
2571,0
2572,0
2573,0
2574,0
2575,0
2576,0
2577,0
2578,0
2579,0
2580,0
2581,0
2582,0
2583,0
2584,0
2585,0
2586,0
2587,0
2588,0
2589,0
2590,0
2591,0
2592,0
2593,0
2594,0
2595,0
2596,0
2597,0
2598,0
2599,0
2600,0
2601,0
2602,0
2603,0
2604,0
2605,0
2606,0
2607,0
2608,0
2609,0
2610,0
2611,0
2612,0
2613,0
2614,0
2615,0
2616,0
2617,0
2618,0
2619,0
2620,0
2621,0
2622,0
2623,0
2624,0
2625,0
2626,0
2627,0
2628,0
2629,0
2630,0
2631,0
2632,140
2633,0
2634,0
2635,0
2636,0
2637,0
2638,0
2639,0
2640,4
2641,0
2642,0
2643,0
2644,0
2645,0
2646,0
2647,35
2648,0
2649,0
2650,0
2651,3
2652,0
2653,0
2654,0
2655,0
2656,0
2657,0
2658,0
2659,0
2660,0
2661,0
2662,0
2663,0
2664,0
2665,0
2666,0
2667,0
2668,0
2669,41961
2670,0
2671,0
2672,0
2673,0
2674,0
2675,0
2676,0
2677,0
2678,0
2679,0
2680,0
2681,0
2682,0
2683,0
2684,0
2685,0
2686,0
2687,0
2688,1
2689,0
2690,0
2691,0
2692,0
2693,0
2694,0
2695,0
2696,0
2697,0
2698,0
2699,0
2700,0
2701,0
2702,0
2703,4
2704,0
2705,23
2706,0
2707,0
2708,0
2709,0
2710,0
2711,0
2712,0
2713,0
2714,0
2715,0
2716,0
2717,0
2718,0
2719,0
2720,0
2721,0
2722,0
2723,0
2724,0
2725,0
2726,5
2727,0
2728,0
2729,0
2730,0
2731,0
2732,0
2733,0
2734,0
2735,0
2736,0
2737,0
2738,0
2739,0
2740,0
2741,0
2742,0
2743,0
2744,0
2745,5311
2746,0
2747,0
2748,0
2749,0
2750,0
2751,0
2752,0
2753,0
2754,0
2755,0
2756,0
2757,0
2758,0
2759,0
2760,0
2761,0
2762,0
2763,0
2764,0
2765,0
2766,0
2767,0
2768,0
2769,0
2770,0
2771,0
2772,0
2773,0
2774,0
2775,0
2776,0
2777,0
2778,0
2779,0
2780,0
2781,0
2782,0
2783,0
2784,0
2785,0
2786,0
2787,0
2788,0
2789,0
2790,0
2791,0
2792,0
2793,0
2794,0
2795,0
2796,0
2797,0
2798,59
2799,0
2800,0
2801,0
2802,0
2803,0
2804,0
2805,0
2806,0
2807,0
2808,0
2809,0
2810,0
2811,0
2812,0
2813,0
2814,0
2815,0
2816,0
2817,0
2818,0
2819,0
2820,0
2821,0
2822,0
2823,0
2824,0
2825,0
2826,0
2827,0
2828,0
2829,0
2830,0
2831,0
2832,0
2833,0
2834,0
2835,0
2836,0
2837,0
2838,0
2839,0
2840,0
2841,0
2842,0
2843,0
2844,0
2845,0
2846,0
2847,0
2848,0
2849,0
2850,0
2851,0
2852,0
2853,0
2854,0
2855,0
2856,0
2857,0
2858,0
2859,0
2860,0
2861,0
2862,0
2863,0
2864,0
2865,0
2866,0
2867,0
2868,0
2869,0
2870,0
2871,0
2872,0
2873,0
2874,0
2875,0
2876,0
2877,0
2878,0
2879,0
2880,0
2881,0
2882,0
2883,0
2884,0
2885,0
2886,59
2887,0
2888,0
2889,0
2890,0
2891,0
2892,0
2893,0
2894,0
2895,1
2896,0
2897,0
2898,47
2899,1129
2900,0
2901,0
2902,0
2903,0
2904,0
2905,0
2906,0
2907,0
2908,0
2909,0
2910,0
2911,0
2912,0
2913,0
2914,0
2915,0
2916,1215
2917,0
2918,0
2919,0
2920,0
2921,0
2922,0
2923,0
2924,0
2925,0
2926,0
2927,0
2928,0
2929,0
2930,0
2931,0
2932,0
2933,0
2934,0
2935,0
2936,27
2937,0
2938,2
2939,0
2940,0
2941,591
2942,3
2943,0
2944,0
2945,0
2946,0
2947,0
2948,0
2949,0
2950,0
2951,0
2952,0
2953,7595
2954,1968
2955,0
2956,0
2957,218
2958,0
2959,927
2960,0
2961,0
2962,0
2963,0
2964,0
2965,0
2966,0
2967,0
2968,0
2969,0
2970,0
2971,0
2972,0
2973,0
2974,0
2975,0
2976,0
2977,0
2978,0
2979,0
2980,0
2981,0
2982,0
2983,0
2984,0
2985,0
2986,0
2987,0
2988,0
2989,204
2990,0
2991,860
2992,0
2993,0
2994,0
2995,0
2996,0
2997,0
2998,0
2999,0
3000,0
3001,0
3002,0
3003,0
3004,0
3005,0
3006,0
3007,0
3008,0
3009,0
3010,0
3011,0
3012,0
3013,0
3014,0
3015,0
3016,0
3017,10027
3018,0
3019,0
3020,0
3021,0
3022,0
3023,0
3024,0
3025,0
3026,3
3027,0
3028,0
3029,0
3030,0
3031,0
3032,0
3033,0
3034,0
3035,0
3036,0
3037,0
3038,0
3039,0
3040,0
3041,0
3042,0
3043,0
3044,0
3045,0
3046,0
3047,0
3048,0
3049,0
3050,0
3051,0
3052,0
3053,0
3054,0
3055,0
3056,2
3057,0
3058,0
3059,0
3060,0
3061,0
3062,0
3063,0
3064,45
3065,0
3066,0
3067,0
3068,0
3069,0
3070,1637
3071,0
3072,0
3073,0
3074,0
3075,0
3076,0
3077,0
3078,0
3079,0
3080,0
3081,118
3082,0
3083,0
3084,0
3085,0
3086,0
3087,0
3088,3077
3089,0
3090,0
3091,0
3092,0
3093,0
3094,0
3095,0
3096,0
3097,0
3098,0
3099,0
3100,0
3101,0
3102,0
3103,0
3104,0
3105,0
3106,0
3107,0
3108,5
3109,0
3110,0
3111,0
3112,0
3113,0
3114,0
3115,0
3116,0
3117,79
3118,0
3119,0
3120,0
3121,0
3122,0
3123,0
3124,0
3125,0
3126,0
3127,0
3128,0
3129,0
3130,0
3131,0
3132,0
3133,0
3134,0
3135,0
3136,0
3137,0
3138,0
3139,0
3140,0
3141,0
3142,0
3143,0
3144,0
3145,0
3146,0
3147,0
3148,0
3149,0
3150,0
3151,0
3152,0
3153,0
3154,0
3155,0
3156,0
3157,3295
3158,0
3159,0
3160,0
3161,0
3162,0
3163,0
3164,0
3165,0
3166,4856
3167,0
3168,0
3169,0
3170,0
3171,9
3172,0
3173,0
3174,0
3175,0
3176,0
3177,0
3178,0
3179,0
3180,0
3181,0
3182,0
3183,0
3184,0
3185,0
3186,0
3187,0
3188,0
3189,0
3190,559
3191,0
3192,0
3193,31523
3194,0
3195,0
3196,0
3197,0
3198,0
3199,0
3200,0
3201,0
3202,0
3203,0
3204,0
3205,0
3206,31
3207,0
3208,0
3209,0
3210,0
3211,0
3212,0
3213,0
3214,0
3215,0
3216,0
3217,0
3218,0
3219,0
3220,0
3221,0
3222,0
3223,0
3224,0
3225,0
3226,0
3227,0
3228,0
3229,0
3230,0
3231,0
3232,0
3233,0
3234,0
3235,0
3236,0
3237,0
3238,0
3239,92
3240,0
3241,101665
3242,0
3243,0
3244,0
3245,0
3246,0
3247,0
3248,0
3249,0
3250,0
3251,1204
3252,0
3253,0
3254,0
3255,0
3256,0
3257,0
3258,0
3259,0
3260,0
3261,0
3262,0
3263,0
3264,0
3265,0
3266,0
3267,0
3268,0
3269,0
3270,0
3271,0
3272,0
3273,0
3274,0
3275,0
3276,0
3277,0
3278,0
3279,0
3280,0
3281,0
3282,70
3283,0
3284,0
3285,0
3286,0
3287,0
3288,0
3289,0
3290,0
3291,0
3292,0
3293,0
3294,0
3295,0
3296,0
3297,702
3298,0
3299,0
3300,0
3301,0
3302,0
3303,0
3304,0
3305,0
3306,7
3307,0
3308,0
3309,0
3310,1170
3311,0
3312,0
3313,0
3314,0
3315,0
3316,0
3317,0
3318,0
3319,0
3320,0
3321,0
3322,0
3323,0
3324,0
3325,14
3326,0
3327,0
3328,0
3329,0
3330,0
3331,1144
3332,0
3333,0
3334,0
3335,0
3336,0
3337,0
3338,0
3339,0
3340,0
3341,279
3342,7
3343,0
3344,0
3345,0
3346,0
3347,10
3348,0
3349,0
3350,0
3351,0
3352,0
3353,0
3354,0
3355,4
3356,0
3357,0
3358,0
3359,0
3360,0
3361,0
3362,0
3363,0
3364,0
3365,0
3366,0
3367,0
3368,0
3369,0
3370,0
3371,0
3372,0
3373,0
3374,57
3375,0
3376,0
3377,0
3378,0
3379,0
3380,0
3381,0
3382,0
3383,0
3384,0
3385,0
3386,0
3387,0
3388,0
3389,0
3390,0
3391,0
3392,0
3393,0
3394,0
3395,0
3396,0
3397,0
3398,0
3399,0
3400,0
3401,0
3402,0
3403,1
3404,0
3405,21
3406,7
3407,910
3408,5
3409,403
3410,26
3411,60594
3412,115
3413,692
3414,9615
3415,86
3416,0
3417,14
3418,9
3419,21382
3420,37
3421,19482
3422,3941
3423,579150
3424,52
3425,262
3426,23
3427,32
3428,2074
3429,0
3430,31827
3431,0
3432,0
3433,0
3434,0
3435,0
3436,0
3437,3
3438,0
3439,597
3440,48
3441,67
3442,6
3443,2
3444,9
3445,0
3446,61
3447,0
3448,63
3449,6
3450,0
3451,0
3452,0
3453,3
3454,0
3455,130
3456,5
3457,4
3458,0
3459,0
3460,15
3461,0
3462,0
3463,484
3464,0
3465,105
3466,0
3467,21
3468,16
3469,0
3470,37
3471,0
3472,1
3473,13
3474,22
3475,14
3476,6
3477,0
3478,4
3479,1323
3480,63
3481,0
3482,7
3483,0
3484,920
3485,4
3486,1
3487,0
3488,9
3489,773
3490,1671
3491,1086
3492,6
3493,0
3494,1450
3495,0
3496,696
3497,0
3498,0
3499,0
3500,4
3501,337
3502,0
3503,2998
3504,1132
3505,0
3506,125
3507,286
3508,7067
3509,184
3510,20
3511,22
3512,59
3513,0
3514,0
3515,72
3516,0
3517,107
3518,0
3519,0
3520,0
3521,0
3522,143
3523,2
3524,0
3525,0
3526,120
3527,13
3528,4
3529,238
3530,0
3531,1544
3532,1
3533,0
3534,0
3535,4936
3536,1975
3537,1237
3538,2
3539,22581
3540,0
3541,10781
3542,1021
3543,381
3544,0
3545,0
3546,26
3547,0
3548,40
3549,0
3550,0
3551,49
3552,2
3553,24
3554,0
3555,0
3556,0
3557,0
3558,35
3559,343
3560,6523
3561,0
3562,6
3563,17
3564,534
3565,0
3566,80
3567,1673
3568,0
3569,50
3570,18
3571,0
3572,0
3573,1669
3574,0
3575,523
3576,574
3577,0
3578,1688
3579,0
3580,215
3581,0
3582,0
3583,14
3584,0
3585,0
3586,875
3587,1405
3588,105
3589,4
3590,3
3591,51
3592,0
3593,3
3594,181
3595,27
3596,19
3597,0
3598,1
3599,1
3600,31
3601,0
3602,2568
3603,7
3604,7
3605,5
3606,996
3607,0
3608,0
3609,7
3610,0
3611,419
3612,9
3613,47
3614,3433
3615,13
3616,74
3617,0
3618,0
3619,0
3620,0
3621,0
3622,0
3623,6
3624,308
3625,7
3626,16742
3627,0
3628,82
3629,7
3630,4
3631,0
3632,2185
3633,0
3634,8
3635,0
3636,139
3637,24
3638,2
3639,3133
3640,0
3641,0
3642,6957
3643,0
3644,6
3645,0
3646,0
3647,13
3648,1233
3649,14
3650,0
3651,2
3652,0
3653,28
3654,25
3655,0
3656,1185
3657,1
3658,9
3659,1
3660,1305
3661,7
3662,1
3663,1
3664,18
3665,1
3666,1
3667,790
3668,0
3669,6
3670,0
3671,25
3672,0
3673,0
3674,499
3675,1441
3676,20
3677,0
3678,0
3679,748
3680,17
3681,1
3682,4
3683,123
3684,0
3685,3
3686,16
3687,0
3688,356
3689,5
3690,2
3691,0
3692,56
3693,0
3694,0
3695,0
3696,50
3697,93
3698,23
3699,192
3700,6
3701,0
3702,0
3703,166
3704,23
3705,208
3706,0
3707,80
3708,9
3709,0
3710,0
3711,103
3712,0
3713,106718
3714,6868
3715,59585
3716,5
3717,86
3718,1815
3719,11
3720,1
3721,1
3722,14414
3723,19
3724,839
3725,19
3726,5046
3727,194
3728,1904
3729,0
3730,0
3731,322
3732,0
3733,3
3734,372
3735,0
3736,1
3737,802
3738,12
3739,786
3740,129
3741,70
3742,11
3743,945
3744,0
3745,0
3746,0
3747,1
3748,0
3749,0
3750,151
3751,24207
3752,2
3753,3
3754,0
3755,0
3756,29
3757,0
3758,21625
3759,1
3760,0
3761,1
3762,0
3763,5879
3764,4
3765,1
3766,153
3767,0
3768,3
3769,22
3770,0
3771,206
3772,15
3773,1419
3774,18
3775,0
3776,7
3777,19
3778,0
3779,39
3780,0
3781,0
3782,343
3783,2
3784,0
3785,0
3786,1
3787,236
3788,159
3789,353
3790,1
3791,0
3792,1168
3793,2
3794,137
3795,5923
3796,1
3797,0
3798,476
3799,0
3800,5
3801,8
3802,32
3803,74
3804,111
3805,0
3806,799
3807,46
3808,50
3809,0
3810,2054
3811,859
3812,1
3813,0
3814,0
3815,1
3816,8141
3817,2048
3818,0
3819,44
3820,0
3821,22
3822,87
3823,149
3824,384
3825,0
3826,1
3827,1
3828,3
3829,0
3830,3
3831,2
3832,1
3833,0
3834,0
3835,1
3836,3
3837,0
3838,0
3839,0
3840,0
3841,0
3842,2
3843,0
3844,0
3845,0
3846,0
3847,0
3848,0
3849,0
3850,3
3851,0
3852,0
3853,0
3854,0
3855,0
3856,0
3857,4
3858,0
3859,0
3860,0
3861,3
3862,0
3863,0
3864,0
3865,0
3866,166
3867,0
3868,6
3869,28
3870,469
3871,36
3872,8
3873,0
3874,0
3875,6
3876,36
3877,27
3878,182
3879,10
3880,25
3881,759
3882,5
3883,1182
3884,642
3885,10
3886,0
3887,0
3888,0
3889,0
3890,0
3891,0
3892,0
3893,0
3894,0
3895,0
3896,0
3897,0
3898,6
3899,37
3900,12
3901,32
3902,25
3903,150
3904,83
3905,0
3906,92
3907,4
3908,26
3909,32
3910,3073
3911,0
3912,146
3913,317
3914,7
3915,8
3916,6
3917,51
3918,74
3919,258
3920,1
3921,8
3922,681
3923,0
3924,0
3925,0
3926,0
3927,0
3928,10
3929,0
3930,5
3931,4
3932,9
3933,6
3934,1342
3935,8680
3936,0
3937,7
3938,9
3939,0
3940,34
3941,114
3942,1859
3943,4
3944,1
3945,1
3946,124
3947,18
3948,3
3949,90
3950,0
3951,0
3952,562
3953,93194
3954,0
3955,8
3956,201533
3957,1761
3958,0
3959,13
3960,130
3961,8154
3962,0
3963,114
3964,0
3965,8
3966,763
3967,0
3968,52285
3969,18
3970,3023
3971,87
3972,0
3973,1
3974,69
3975,7753
3976,72
3977,4
3978,2
3979,210
3980,88
3981,0
3982,5
3983,65
3984,4
3985,1131
3986,0
3987,445
3988,137
3989,0
3990,18948
3991,43
3992,2
3993,0
3994,0
3995,2233
3996,0
3997,3
3998,0
3999,669
4000,0
4001,0
4002,1656
4003,0
4004,921
4005,3
4006,219
4007,0
4008,0
4009,0
4010,1
4011,0
4012,1
4013,0
4014,0
4015,0
4016,1
4017,0
4018,0
4019,0
4020,8
4021,0
4022,0
4023,3
4024,0
4025,4
4026,3
4027,12
4028,79
4029,0
4030,1238
4031,5
4032,44911
4033,21
4034,2128
4035,92333
4036,0
4037,2024
4038,1760
4039,29
4040,98170
4041,4
4042,5216
4043,264
4044,15
4045,32
4046,0
4047,0
4048,8
4049,23
4050,1
4051,0
4052,0
4053,90
4054,0
4055,0
4056,0
4057,10
4058,65
4059,17937
4060,0
4061,0
4062,1963
4063,0
4064,0
4065,0
4066,0
4067,0
4068,0
4069,0
4070,1
4071,4
4072,0
4073,0
4074,0
4075,0
4076,8
4077,0
4078,0
4079,2593
4080,0
4081,88
4082,0
4083,4782
4084,0
4085,0
4086,0
4087,0
4088,0
4089,0
4090,0
4091,10
4092,0
4093,0
4094,11
4095,0
4096,0
4097,16
4098,2
4099,0
4100,1
4101,0
4102,0
4103,0
4104,0
4105,26
4106,15
4107,12
4108,0
4109,0
4110,22
4111,0
4112,0
4113,57
4114,882
4115,7
4116,0
4117,1
4118,22
4119,20
4120,39
4121,51
4122,12
4123,4
4124,113
4125,2
4126,13
4127,80
4128,500
4129,4
4130,39
4131,0
4132,1
4133,119
4134,1
4135,25
4136,252
4137,6
4138,4
4139,0
4140,0
4141,2779
4142,19
4143,22
4144,0
4145,289752
4146,1
4147,1061
4148,9
4149,0
4150,0
4151,3
4152,43
4153,10
4154,103
4155,212
4156,389
4157,286
4158,9409
4159,0
4160,12
4161,36
4162,1
4163,91
4164,4447
4165,922
4166,3
4167,2014
4168,74632
4169,0
4170,3
4171,0
4172,2159
4173,54
4174,6
4175,10
4176,0
4177,333
4178,0
4179,1
4180,296704
4181,5
4182,3
4183,954
4184,0
4185,0
4186,976
4187,321
4188,2611
4189,0
4190,229
4191,0
4192,0
4193,0
4194,0
4195,1
4196,59262
4197,4869
4198,16
4199,21
4200,0
4201,0
4202,626
4203,585
4204,1484
4205,0
4206,132
4207,2
4208,2
4209,1437
4210,2177
4211,3996
4212,2892103
4213,541
4214,214
4215,50870
4216,414
4217,0
4218,47
4219,2
4220,0
4221,28
4222,2
4223,6
4224,160
4225,8
4226,37
4227,34
4228,123
4229,4660
4230,0
4231,1018
4232,4
4233,0
4234,1672
4235,124
4236,0
4237,7
4238,7
4239,1
4240,5
4241,735
4242,5
4243,3
4244,194
4245,529832
4246,67205
4247,20
4248,21275
4249,1
4250,631
4251,32913
4252,19
4253,8408
4254,6814
4255,36048
4256,0
4257,35
4258,2
4259,648
4260,0
4261,0
4262,91
4263,9
4264,638
4265,75
4266,16473
4267,0
4268,1030
4269,1
4270,35
4271,0
4272,71
4273,4
4274,55
4275,72
4276,66433
4277,210
4278,41
4279,2
4280,181
4281,2
4282,155
4283,0
4284,0
4285,0
4286,0
4287,3
4288,0
4289,3177
4290,0
4291,0
4292,23591
4293,54
4294,3
4295,0
4296,5068772
4297,0
4298,7
4299,0
4300,18
4301,0
4302,25
4303,13
4304,0
4305,0
4306,85
4307,0
4308,66869
4309,0
4310,0
4311,266
4312,15
4313,0
4314,0
4315,0
4316,0
4317,0
4318,0
4319,0
4320,2
4321,0
4322,0
4323,35
4324,0
4325,0
4326,2
4327,1
4328,19
4329,0
4330,0
4331,0
4332,3
4333,0
4334,0
4335,7
4336,0
4337,0
4338,0
4339,0
4340,7
4341,0
4342,0
4343,0
4344,0
4345,1
4346,0
4347,0
4348,160
4349,354
4350,2
4351,0
4352,0
4353,8
4354,0
4355,17
4356,17
4357,11
4358,32
4359,0
4360,6
4361,83
4362,307
4363,0
4364,0
4365,12
4366,0
4367,6
4368,1
4369,1
4370,1
4371,0
4372,0
4373,0
4374,0
4375,1
4376,1
4377,0
4378,2
4379,31
4380,0
4381,1
4382,0
4383,1
4384,3
4385,6
4386,0
4387,11
4388,9
4389,0
4390,19
4391,133
4392,3
4393,1
4394,2
4395,1
4396,1
4397,0
4398,0
4399,0
4400,25
4401,0
4402,0
4403,0
4404,0
4405,569
4406,0
4407,4
4408,12
4409,7
4410,0
4411,1
4412,23
4413,0
4414,21
4415,42
4416,0
4417,0
4418,5
4419,3
4420,0
4421,0
4422,0
4423,4
4424,5
4425,2
4426,3
4427,0
4428,0
4429,0
4430,0
4431,1
4432,0
4433,0
4434,0
4435,0
4436,207
4437,716
4438,288
4439,24
4440,0
4441,2
4442,420
4443,0
4444,0
4445,36
4446,3
4447,0
4448,2
4449,0
4450,0
4451,0
4452,3
4453,2
4454,490
4455,34
4456,0
4457,0
4458,0
4459,1
4460,0
4461,50
4462,0
4463,16
4464,63
4465,11
4466,6
4467,20
4468,2355
4469,0
4470,0
4471,5
4472,0
4473,70
4474,0
4475,19171
4476,15462
4477,2
4478,8
4479,0
4480,13
4481,2
4482,7
4483,7
4484,3
4485,2
4486,298
4487,41
4488,8
4489,0
4490,2
4491,2
4492,22
4493,7
4494,4
4495,174
4496,0
4497,4
4498,92
4499,9
4500,27
4501,0
4502,0
4503,21
4504,1
4505,7
4506,67
4507,172
4508,1
4509,5
4510,1
4511,9
4512,46
4513,73
4514,1
4515,52
4516,0
4517,0
4518,9
4519,159
4520,1
4521,7
4522,3
4523,0
4524,15
4525,5
4526,11
4527,1
4528,0
4529,0
4530,22
4531,0
4532,56
4533,0
4534,1
4535,0
4536,1
4537,0
4538,30
4539,0
4540,0
4541,3
4542,10
4543,93
4544,13
4545,2
4546,0
4547,1
4548,132
4549,35
4550,2
4551,15
4552,1
4553,3
4554,0
4555,62
4556,4
4557,0
4558,14
4559,0
4560,1
4561,1
4562,50
4563,111
4564,0
4565,24
4566,0
4567,1
4568,30
4569,0
4570,7
4571,0
4572,0
4573,0
4574,44
4575,20
4576,0
4577,0
4578,3
4579,50
4580,179
4581,5
4582,5
4583,48
4584,4
4585,2
4586,1
4587,0
4588,0
4589,0
4590,0
4591,0
4592,1
4593,191
4594,0
4595,0
4596,4728
4597,33
4598,5
4599,1
4600,0
4601,0
4602,0
4603,35
4604,0
4605,9
4606,18
4607,0
4608,0
4609,3
4610,0
4611,13
4612,18110
4613,266
4614,24
4615,0
4616,62
4617,99201
4618,210
4619,3
4620,71484
4621,62766
4622,2
4623,139974
4624,7349
4625,0
4626,2048
4627,1774
4628,0
4629,571
4630,25
4631,174
4632,248
4633,51
4634,27
4635,5
4636,566
4637,4729
4638,5
4639,0
4640,1418
4641,1839
4642,3075
4643,0
4644,22
4645,1
4646,70
4647,494
4648,3
4649,2
4650,6
4651,21
4652,28
4653,158
4654,0
4655,220
4656,31
4657,147
4658,5
4659,2
4660,176
4661,0
4662,14
4663,569
4664,565
4665,934
4666,826
4667,0
4668,118
4669,316
4670,307
4671,3728
4672,84
4673,9
4674,1
4675,45
4676,2
4677,6
4678,3168
4679,96
4680,112
4681,2346
4682,2
4683,526
4684,3
4685,32
4686,9
4687,236
4688,0
4689,683
4690,8
4691,18
4692,0
4693,3
4694,752
4695,663
4696,21
4697,656
4698,3
4699,344
4700,58
4701,0
4702,38
4703,0
4704,0
4705,0
4706,0
4707,0
4708,0
4709,0
4710,0
4711,0
4712,0
4713,0
4714,0
4715,0
4716,0
4717,0
4718,0
4719,0
4720,0
4721,0
4722,4968
4723,20683
4724,0
4725,0
4726,38
4727,0
4728,5232
4729,32
4730,428
4731,49257
4732,5275
4733,6
4734,1842
4735,101
4736,0
4737,3756
4738,63639
4739,13
4740,3695
4741,5
4742,17
4743,0
4744,0
4745,21
4746,556
4747,80
4748,11669
4749,33
4750,87
4751,1319
4752,1
4753,0
4754,0
4755,174
4756,0
4757,0
4758,0
4759,5
4760,8
4761,1
4762,0
4763,9
4764,0
4765,0
4766,866
4767,0
4768,500
4769,20
4770,0
4771,7
4772,7
4773,376
4774,4
4775,0
4776,21
4777,0
4778,0
4779,0
4780,539
4781,3398
4782,4
4783,204
4784,37
4785,7341
4786,0
4787,0
4788,0
4789,0
4790,0
4791,237
4792,0
4793,0
4794,0
4795,0
4796,1
4797,2
4798,41
4799,73
4800,0
4801,49
4802,0
4803,0
4804,3
4805,0
4806,0
4807,1
4808,0
4809,51848
4810,54509
4811,126
4812,178
4813,151
4814,5
4815,8
4816,7
4817,2
4818,854
4819,379
4820,7
4821,0
4822,21
4823,230
4824,14
4825,3200
4826,1505
4827,5
4828,58
4829,661
4830,0
4831,0
4832,0
4833,0
4834,0
4835,0
4836,0
4837,0
4838,223
4839,15
4840,0
4841,0
4842,0
4843,7220
4844,4263
4845,44
4846,105
4847,1
4848,0
4849,0
4850,0
4851,0
4852,0
4853,2
4854,0
4855,40
4856,0
4857,0
4858,0
4859,0
4860,0
4861,0
4862,41
4863,118
4864,0
4865,0
4866,0
4867,256
4868,240
4869,0
4870,1
4871,0
4872,0
4873,3
4874,24
4875,205
4876,0
4877,0
4878,154
4879,0
4880,12
4881,25273
4882,0
4883,0
4884,0
4885,10
4886,0
4887,0
4888,3
4889,7
4890,0
4891,0
4892,14
4893,0
4894,89
4895,0
4896,292
4897,2
4898,0
4899,0
4900,6
4901,0
4902,0
4903,0
4904,1295
4905,0
4906,0
4907,0
4908,2
4909,0
4910,195
4911,0
4912,0
4913,0
4914,2
4915,5
4916,0
4917,0
4918,0
4919,236
4920,0
4921,2151
4922,0
4923,0
4924,19
4925,367
4926,0
4927,249
4928,16
4929,4690
4930,0
4931,128
4932,204
4933,210
4934,20864
4935,0
4936,41
4937,0
4938,1
4939,0
4940,0
4941,0
4942,3
4943,39
4944,0
4945,712
4946,6
4947,0
4948,1
4949,7
4950,0
4951,0
4952,0
4953,2
4954,51
4955,14
4956,0
4957,228
4958,383
4959,12
4960,81
4961,6
4962,9
4963,37
4964,35
4965,824
4966,16
4967,171
4968,12
4969,1764
4970,0
4971,2
4972,1
4973,0
4974,36403
4975,736
4976,25015
4977,2718
4978,2287
4979,180
4980,79510
4981,4646
4982,7
4983,0
4984,168019
4985,0
4986,265
4987,0
4988,44
4989,0
4990,0
4991,0
4992,275154
4993,1046
4994,59
4995,0
4996,110
4997,4974
4998,0
4999,0
5000,0
5001,0
5002,0
5003,0
5004,0
5005,9
5006,345
5007,98
5008,18
5009,0
5010,0
5011,0
5012,0
5013,0
5014,0
5015,0
5016,16
5017,86
5018,1
5019,283
5020,5
5021,0
5022,381
5023,4
5024,0
5025,0
5026,26581
5027,2
5028,0
5029,16
5030,6
5031,17
5032,906
5033,0
5034,7
5035,0
5036,0
5037,0
5038,0
5039,3801
5040,6
5041,0
5042,0
5043,0
5044,0
5045,5
5046,2
5047,25
5048,9
5049,18
5050,19
5051,0
5052,292
5053,0
5054,0
5055,26
5056,4
5057,33
5058,0
5059,27155
5060,0
5061,5
5062,0
5063,953
5064,4
5065,0
5066,2
5067,9
5068,234
5069,0
5070,633
5071,0
5072,0
5073,2
5074,2
5075,30
5076,26561
5077,12
5078,0
5079,93
5080,0
5081,0
5082,0
5083,1211
5084,834
5085,0
5086,0
5087,0
5088,0
5089,0
5090,0
5091,0
5092,0
5093,40
5094,11
5095,0
5096,0
5097,0
5098,0
5099,0
5100,0
5101,0
5102,0
5103,0
5104,12
5105,3
5106,24636
5107,14221
5108,200
5109,478
5110,10152
5111,10994
5112,13728
5113,899
5114,1458
5115,855
5116,2437
5117,24665
5118,1564
5119,105
5120,21
5121,0
5122,0
5123,0
5124,1
5125,0
5126,3
5127,1
5128,3
5129,0
5130,19
5131,7
5132,28
5133,0
5134,2
5135,1
5136,1
5137,10
5138,0
5139,3
5140,6
5141,0
5142,8
5143,138
5144,0
5145,0
5146,0
5147,0
5148,12
5149,0
5150,0
5151,0
5152,34
5153,0
5154,0
5155,0
5156,0
5157,0
5158,0
5159,0
5160,0
5161,0
5162,0
5163,0
5164,0
5165,0
5166,0
5167,0
5168,0
5169,0
5170,0
5171,0
5172,0
5173,64
5174,0
5175,0
5176,0
5177,3
5178,21
5179,0
5180,31
5181,44
5182,0
5183,1
5184,0
5185,7
5186,0
5187,7
5188,3
5189,0
5190,21
5191,0
5192,2
5193,0
5194,0
5195,0
5196,5
5197,0
5198,0
5199,3
5200,0
5201,9
5202,0
5203,0
5204,0
5205,0
5206,0
5207,1
5208,0
5209,0
5210,1
5211,1
5212,13
5213,323
5214,0
5215,0
5216,0
5217,6
5218,0
5219,7
5220,0
5221,0
5222,1
5223,0
5224,0
5225,6
5226,0
5227,0
5228,37
5229,12
5230,3
5231,4
5232,0
5233,0
5234,0
5235,0
5236,9
5237,0
5238,0
5239,1
5240,2
5241,0
5242,0
5243,19
5244,0
5245,4
5246,344
5247,0
5248,24
5249,4
5250,0
5251,51
5252,0
5253,1
5254,6
5255,4
5256,0
5257,0
5258,0
5259,12
5260,0
5261,6
5262,63
5263,3
5264,14
5265,1
5266,0
5267,0
5268,0
5269,2
5270,1
5271,3
5272,16
5273,0
5274,5
5275,0
5276,36
5277,6
5278,0
5279,0
5280,1
5281,1
5282,1
5283,22
5284,45
5285,113
5286,24
5287,4
5288,0
5289,83
5290,2
5291,1
5292,0
5293,5
5294,55
5295,6
5296,0
5297,75
5298,3
5299,24
5300,0
5301,0
5302,0
5303,0
5304,0
5305,1
5306,25
5307,0
5308,0
5309,0
5310,0
5311,0
5312,0
5313,2
5314,0
5315,4
5316,2
5317,593
5318,17
5319,0
5320,1
5321,0
5322,31
5323,32
5324,1501
5325,0
5326,126
5327,2472
5328,76
5329,851
5330,0
5331,13
5332,1164
5333,128
5334,2
5335,1
5336,3
5337,5
5338,314
5339,1803
5340,244
5341,22
5342,0
5343,74
5344,84
5345,16
5346,11
5347,3
5348,169
5349,0
5350,0
5351,0
5352,2516
5353,0
5354,1
5355,2688
5356,12
5357,3815
5358,2
5359,49714
5360,562
5361,0
5362,4706
5363,1969
5364,307132
5365,43467
5366,0
5367,14
5368,981
5369,8
5370,1
5371,10
5372,687768
5373,0
5374,4207
5375,2
5376,922
5377,115
5378,343
5379,47528
5380,7121
5381,46217
5382,0
5383,0
5384,222
5385,108304
5386,8709
5387,0
5388,633
5389,140071
5390,8652
5391,382
5392,2444
5393,514
5394,2
5395,898863
5396,96
5397,22
5398,172560
5399,5557
5400,1849898
5401,112
5402,166
5403,67
5404,19821
5405,131812
5406,72779
5407,159265
5408,2392
5409,182
5410,114092
5411,17
5412,6
5413,69211
5414,0
5415,257
5416,16970
5417,3545
5418,150700
5419,6384
5420,41477
5421,0
5422,17
5423,10
5424,0
5425,203
5426,5
5427,4
5428,45
5429,20
5430,0
5431,77
5432,496
5433,0
5434,100
5435,16
5436,0
5437,25
5438,0
5439,16
5440,16
5441,0
5442,0
5443,211
5444,16
5445,0
5446,1
5447,71
5448,0
5449,121
5450,0
5451,2
5452,0
5453,87
5454,0
5455,0
5456,4
5457,3
5458,55
5459,0
5460,0
5461,0
5462,1412
5463,0
5464,31
5465,0
5466,9
5467,1
5468,0
5469,0
5470,0
5471,407
5472,0
5473,0
5474,0
5475,0
5476,1
5477,0
5478,0
5479,16
5480,0
5481,19
5482,0
5483,655
5484,0
5485,0
5486,43
5487,0
5488,4
5489,13
5490,0
5491,165
5492,1
5493,0
5494,3
5495,0
5496,26
5497,17
5498,33
5499,837
5500,0
5501,6
5502,2671
5503,0
5504,0
5505,24
5506,39
5507,25433
5508,337
5509,0
5510,0
5511,5464
5512,7150
5513,571
5514,249
5515,1796
5516,3660
5517,1379
5518,6119
5519,3
5520,16
5521,0
5522,14
5523,12
5524,0
5525,2
5526,8
5527,0
5528,3
5529,17
5530,23
5531,4
5532,0
5533,0
5534,212
5535,51
5536,9
5537,67
5538,0
5539,4
5540,4
5541,1
5542,44
5543,0
5544,0
5545,22
5546,0
5547,0
5548,0
5549,11
5550,6
5551,19
5552,5
5553,0
5554,173
5555,0
5556,64
5557,0
5558,161
5559,20
5560,12
5561,89
5562,0
5563,0
5564,0
5565,0
5566,8
5567,122
5568,140
5569,2
5570,11
5571,0
5572,11
5573,24
5574,91
5575,6
5576,5
5577,8
5578,348
5579,5771
5580,0
5581,2055
5582,1772
5583,608
5584,226
5585,210
5586,26
5587,9
5588,11
5589,3
5590,41
5591,6
5592,1
5593,6
5594,22
5595,40
5596,71
5597,3
5598,0
5599,1
5600,656
5601,5
5602,2
5603,4495
5604,726
5605,0
5606,0
5607,155
5608,489
5609,164
5610,224
5611,0
5612,0
5613,0
5614,0
5615,161
5616,0
5617,0
5618,25
5619,4830
5620,630
5621,161
5622,284
5623,0
5624,0
5625,1
5626,1124
5627,2
5628,0
5629,0
5630,33
5631,0
5632,285
5633,0
5634,0
5635,0
5636,0
5637,0
5638,0
5639,1
5640,0
5641,3
5642,0
5643,0
5644,0
5645,0
5646,0
5647,0
5648,0
5649,0
5650,0
5651,0
5652,350
5653,67
5654,12
5655,47
5656,969
5657,0
5658,1929
5659,0
5660,2513
5661,0
5662,100
5663,22585
5664,34
5665,4963
5666,10
5667,503
5668,21
5669,85
5670,26512
5671,6194
5672,0
5673,0
5674,0
5675,818
5676,4163
5677,0
5678,124
5679,69994
5680,28
5681,605
5682,95
5683,6
5684,1
5685,15
5686,0
5687,18117
5688,214
5689,850
5690,0
5691,4
5692,13479
5693,0
5694,954
5695,11
5696,10308
5697,0
5698,0
5699,820
5700,0
5701,0
5702,0
5703,0
5704,1
5705,1598
5706,3
5707,1291
5708,3016
5709,4584
5710,0
5711,317
5712,0
5713,150615
5714,22656
5715,217
5716,0
5717,1
5718,0
5719,0
5720,8
5721,0
5722,0
5723,330
5724,4706
5725,0
5726,0
5727,2
5728,33
5729,0
5730,15
5731,0
5732,10284
5733,718
5734,0
5735,0
5736,15393
5737,10244
5738,2430
5739,44
5740,174
5741,32686
5742,168
5743,3403
5744,4924
5745,846
5746,2
5747,212
5748,0
5749,1
5750,43
5751,0
5752,0
5753,0
5754,0
5755,4
5756,1
5757,8
5758,1907
5759,155
5760,0
5761,0
5762,0
5763,1
5764,0
5765,260
5766,257
5767,60
5768,931
5769,40
5770,3
5771,0
5772,748
5773,53
5774,2286
5775,870
5776,0
5777,0
5778,0
5779,17040
5780,3343
5781,20
5782,3
5783,280
5784,0
5785,170
5786,70
5787,38
5788,569
5789,8
5790,98
5791,1
5792,8071
5793,2038
5794,2
5795,27422
5796,76
5797,4
5798,13280
5799,61882
5800,16853
5801,3
5802,0
5803,38
5804,1
5805,78
5806,2
5807,28
5808,511
5809,4
5810,0
5811,597
5812,0
5813,18
5814,2821
5815,193
5816,544
5817,48
5818,1
5819,23
5820,64729
5821,0
5822,12
5823,1681
5824,13
5825,0
5826,0
5827,0
5828,104
5829,0
5830,1
5831,0
5832,0
5833,0
5834,1
5835,0
5836,0
5837,5
5838,109
5839,429
5840,1863
5841,67
5842,0
5843,10
5844,0
5845,0
5846,0
5847,0
5848,0
5849,0
5850,69
5851,29
5852,0
5853,113
5854,199
5855,4
5856,221
5857,3
5858,65
5859,51
5860,111
5861,0
5862,0
5863,0
5864,625
5865,0
5866,100
5867,9792
5868,764
5869,102
5870,14619
5871,19
5872,263
5873,14537
5874,43
5875,2
5876,0
5877,0
5878,2
5879,13
5880,0
5881,0
5882,30
5883,44
5884,0
5885,0
5886,0
5887,167
5888,0
5889,0
5890,0
5891,0
5892,56
5893,11
5894,0
5895,0
5896,55
5897,0
5898,3
5899,33
5900,0
5901,749
5902,4213
5903,27
5904,5
5905,1
5906,0
5907,0
5908,286
5909,9
5910,452
5911,0
5912,5
5913,28
5914,0
5915,59
5916,0
5917,53
5918,1
5919,0
5920,129
5921,4
5922,228
5923,158
5924,72
5925,0
5926,751
5927,0
5928,8
5929,1
5930,19
5931,0
5932,109
5933,1117
5934,0
5935,0
5936,0
5937,0
5938,2787
5939,0
5940,0
5941,0
5942,1
5943,2
5944,0
5945,0
5946,15
5947,270
5948,0
5949,0
5950,15
5951,13
5952,156
5953,0
5954,83
5955,0
5956,1
5957,0
5958,28
5959,6
5960,0
5961,0
5962,0
5963,0
5964,0
5965,1
5966,0
5967,1
5968,2
5969,0
5970,31
5971,0
5972,10429
5973,4076
5974,0
5975,0
5976,0
5977,89
5978,837
5979,0
5980,0
5981,13
5982,66
5983,30
5984,1
5985,0
5986,0
5987,6
5988,0
5989,2
5990,0
5991,1703
5992,18632
5993,6
5994,12765
5995,855
5996,0
5997,0
5998,0
5999,0
6000,3
6001,15
6002,315
6003,0
6004,9
6005,438
6006,0
6007,97
6008,0
6009,0
6010,0
6011,0
6012,15
6013,1005
6014,0
6015,0
6016,0
6017,0
6018,0
6019,9
6020,11
6021,0
6022,8608
6023,1724
6024,1
6025,0
6026,0
6027,2112
6028,1126
6029,7
6030,7
6031,0
6032,67
6033,0
6034,0
6035,0
6036,6
6037,3151
6038,125
6039,0
6040,2634
6041,21
6042,22
6043,0
6044,0
6045,1338
6046,2
6047,208
6048,760
6049,112
6050,311
6051,8
6052,0
6053,3
6054,0
6055,34
6056,26
6057,2555
6058,7945
6059,32
6060,1
6061,79
6062,4
6063,0
6064,0
6065,2
6066,51
6067,0
6068,1
6069,837
6070,1
6071,3761
6072,0
6073,0
6074,2277
6075,0
6076,0
6077,0
6078,0
6079,0
6080,0
6081,0
6082,0
6083,0
6084,0
6085,0
6086,0
6087,0
6088,2116
6089,36
6090,403
6091,0
6092,4
6093,105
6094,1
6095,1
6096,0
6097,0
6098,0
6099,0
6100,0
6101,5
6102,0
6103,0
6104,0
6105,0
6106,0
6107,0
6108,0
6109,0
6110,0
6111,0
6112,0
6113,0
6114,0
6115,0
6116,0
6117,0
6118,0
6119,12
6120,11
6121,11
6122,2
6123,3
6124,0
6125,25
6126,0
6127,0
6128,14
6129,570
6130,0
6131,13
6132,77
6133,26
6134,0
6135,0
6136,33
6137,0
6138,3
6139,94
6140,1
6141,156
6142,0
6143,111
6144,1
6145,38
6146,57
6147,0
6148,403
6149,87
6150,7
6151,0
6152,0
6153,1
6154,0
6155,18
6156,0
6157,4
6158,285
6159,46
6160,1
6161,21
6162,0
6163,24
6164,52
6165,39
6166,8
6167,49
6168,0
6169,0
6170,3
6171,4
6172,0
6173,0
6174,0
6175,0
6176,0
6177,0
6178,0
6179,0
6180,0
6181,0
6182,16
6183,0
6184,4
6185,1417
6186,112
6187,32046
6188,6330
6189,5764
6190,0
6191,1858
6192,721
6193,134
6194,30
6195,6
6196,1
6197,0
6198,32
6199,3
6200,3
6201,72
6202,0
6203,9
6204,10
6205,12
6206,9
6207,1
6208,7
6209,1
6210,1
6211,5117
6212,1558
6213,0
6214,469
6215,0
6216,176
6217,0
6218,1
6219,7
6220,0
6221,18
6222,339
6223,1216
6224,1
6225,1136
6226,0
6227,89
6228,342
6229,0
6230,4
6231,2
6232,1
6233,0
6234,0
6235,3150
6236,1179
6237,1057
6238,0
6239,0
6240,0
6241,0
6242,0
6243,54
6244,93
6245,901
6246,4810
6247,1
6248,0
6249,0
6250,0
6251,356
6252,0
6253,2
6254,8
6255,0
6256,0
6257,0
6258,0
6259,0
6260,0
6261,0
6262,0
6263,5
6264,454
6265,13385
6266,0
6267,4
6268,2913
6269,181
6270,0
6271,0
6272,0
6273,2
6274,10
6275,9
6276,0
6277,0
6278,0
6279,7
6280,0
6281,0
6282,0
6283,990
6284,118
6285,0
6286,1548
6287,3
6288,1
6289,2
6290,414
6291,950
6292,0
6293,0
6294,275
6295,0
6296,82
6297,18654
6298,450
6299,27616
6300,224
6301,2
6302,3562
6303,434
6304,0
6305,293
6306,493
6307,64
6308,0
6309,279622
6310,2
6311,6699
6312,15
6313,0
6314,794
6315,0
6316,0
6317,51527
6318,7376
6319,76183
6320,229
6321,35
6322,0
6323,0
6324,0
6325,1
6326,0
6327,0
6328,0
6329,0
6330,0
6331,0
6332,0
6333,0
6334,0
6335,0
6336,0
6337,0
6338,0
6339,0
6340,0
6341,0
6342,0
6343,0
6344,0
6345,0
6346,0
6347,0
6348,0
6349,0
6350,0
6351,0
6352,0
6353,0
6354,0
6355,0
6356,0
6357,0
6358,0
6359,0
6360,0
6361,0
6362,0
6363,0
6364,0
6365,0
6366,0
6367,0
6368,0
6369,0
6370,0
6371,0
6372,0
6373,0
6374,0
6375,0
6376,0
6377,0
6378,0
6379,0
6380,0
6381,0
6382,0
6383,0
6384,0
6385,0
6386,0
6387,0
6388,0
6389,0
6390,0
6391,0
6392,0
6393,0
6394,0
6395,0
6396,0
6397,0
6398,0
6399,0
6400,0
6401,0
6402,0
6403,0
6404,0
6405,0
6406,0
6407,0
6408,0
6409,0
6410,0
6411,0
6412,0
6413,0
6414,0
6415,1
6416,0
6417,0
6418,0
6419,0
6420,0
6421,0
6422,0
6423,0
6424,0
6425,0
6426,0
6427,0
6428,0
6429,0
6430,0
6431,0
6432,0
6433,0
6434,0
6435,0
6436,0
6437,0
6438,0
6439,0
6440,0
6441,0
6442,0
6443,0
6444,0
6445,0
6446,0
6447,0
6448,0
6449,0
6450,0
6451,0
6452,0
6453,0
6454,0
6455,0
6456,0
6457,0
6458,0
6459,0
6460,0
6461,0
6462,0
6463,0
6464,0
6465,0
6466,0
6467,0
6468,0
6469,0
6470,0
6471,0
6472,0
6473,0
6474,0
6475,0
6476,0
6477,0
6478,0
6479,0
6480,0
6481,0
6482,0
6483,0
6484,0
6485,0
6486,0
6487,0
6488,0
6489,0
6490,0
6491,0
6492,0
6493,0
6494,0
6495,0
6496,0
6497,0
6498,0
6499,0
6500,0
6501,0
6502,0
6503,0
6504,0
6505,0
6506,0
6507,0
6508,0
6509,0
6510,0
6511,0
6512,0
6513,0
6514,0
6515,0
6516,0
6517,0
6518,0
6519,0
6520,0
6521,0
6522,0
6523,0
6524,0
6525,0
6526,0
6527,0
6528,0
6529,0
6530,0
6531,0
6532,0
6533,0
6534,0
6535,0
6536,0
6537,0
6538,0
6539,0
6540,0
6541,0
6542,0
6543,0
6544,0
6545,0
6546,0
6547,0
6548,0
6549,0
6550,0
6551,0
6552,0
6553,0
6554,0
6555,0
6556,0
6557,0
6558,0
6559,0
6560,0
6561,0
6562,0
6563,0
6564,0
6565,0
6566,0
6567,0
6568,0
6569,0
6570,0
6571,0
6572,0
6573,0
6574,0
6575,0
6576,0
6577,3
6578,0
6579,0
6580,0
6581,0
6582,0
6583,0
6584,0
6585,0
6586,0
6587,0
6588,0
6589,0
6590,0
6591,0
6592,0
6593,0
6594,0
6595,0
6596,0
6597,0
6598,0
6599,0
6600,0
6601,0
6602,0
6603,0
6604,0
6605,0
6606,0
6607,0
6608,0
6609,0
6610,2
6611,2
6612,0
6613,8
6614,0
6615,0
6616,0
6617,236
6618,0
6619,0
6620,0
6621,0
6622,0
6623,0
6624,0
6625,0
6626,7
6627,31674
6628,1183
6629,4
6630,1
6631,0
6632,0
6633,1636
6634,197
6635,12
6636,3
6637,73
6638,5
6639,141
6640,0
6641,197
6642,45
6643,0
6644,1
6645,2
6646,0
6647,41
6648,2122
6649,63
6650,94
6651,2
6652,4
6653,75
6654,53
6655,277
6656,101
6657,13
6658,45
6659,931
6660,176
6661,173
6662,5
6663,18
6664,3
6665,1318
6666,21
6667,11
6668,5
6669,30
6670,0
6671,0
6672,946
6673,0
6674,8
6675,0
6676,326
6677,774
6678,0
6679,23
6680,0
6681,13
6682,53
6683,1
6684,46
6685,176
6686,35
6687,0
6688,3
6689,10
6690,2
6691,0
6692,4
6693,140
6694,7
6695,0
6696,0
6697,0
6698,0
6699,0
6700,65
6701,1
6702,172
6703,2
6704,213
6705,0
6706,6
6707,0
6708,486
6709,77
6710,64
6711,0
6712,1
6713,10
6714,13
6715,5
6716,27
6717,19
6718,1
6719,27
6720,2
6721,6983
6722,0
6723,4
6724,1177
6725,64
6726,0
6727,0
6728,22
6729,964
6730,17
6731,1159
6732,600382
6733,602
6734,79
6735,8
6736,0
6737,0
6738,0
6739,0
6740,0
6741,0
6742,0
6743,0
6744,0
6745,0
6746,0
6747,0
6748,0
6749,0
6750,0
6751,0
6752,0
6753,0
6754,0
6755,0
6756,0
6757,0
6758,0
6759,0
6760,0
6761,0
6762,2
6763,0
6764,0
6765,37
6766,10
6767,0
6768,1
6769,0
6770,0
6771,0
6772,0
6773,0
6774,0
6775,359
6776,0
6777,2712
6778,5320
6779,0
6780,251
6781,758
6782,678
6783,21
6784,5142
6785,1
6786,160
6787,2562
6788,47112
6789,982
6790,95
6791,3468
6792,6
6793,0
6794,0
6795,0
6796,53
6797,0
6798,0
6799,0
6800,0
6801,10
6802,22
6803,1
6804,0
6805,0
6806,1
6807,220
6808,1
6809,133
6810,0
6811,1
6812,380
6813,0
6814,4
6815,10
6816,0
6817,0
6818,3
6819,4
6820,0
6821,0
6822,0
6823,0
6824,459
6825,16
6826,0
6827,0
6828,27
6829,1
6830,17
6831,3698
6832,497
6833,806
6834,11
6835,2626
6836,0
6837,6784
6838,0
6839,215
6840,0
6841,0
6842,539
6843,4
6844,0
6845,119
6846,1
6847,0
6848,0
6849,1137
6850,352
6851,389
6852,0
6853,0
6854,0
6855,0
6856,1
6857,0
6858,0
6859,1073
6860,1547
6861,0
6862,0
6863,307
6864,15
6865,0
6866,0
6867,880
6868,6
6869,0
6870,5
6871,0
6872,4
6873,0
6874,20
6875,13
6876,7
6877,50
6878,0
6879,0
6880,236
6881,0
6882,43
6883,15
6884,25
6885,918
6886,0
6887,14
6888,0
6889,0
6890,72
6891,7
6892,2
6893,0
6894,0
6895,20
6896,6
6897,109
6898,17
6899,0
6900,196
6901,868
6902,12
6903,160
6904,52
6905,128
6906,1
6907,341
6908,1341
6909,1
6910,16
6911,6
6912,0
6913,8
6914,0
6915,3
6916,0
6917,5
6918,0
6919,9
6920,0
6921,1
6922,0
6923,2
6924,4
6925,0
6926,0
6927,2
6928,0
6929,0
6930,0
6931,0
6932,0
6933,0
6934,0
6935,0
6936,0
6937,8
6938,0
6939,0
6940,1806
6941,1534
6942,1984
6943,0
6944,52
6945,20
6946,40
6947,28544
6948,0
6949,17
6950,63756
6951,0
6952,17906
6953,26
6954,1351
6955,148519
6956,2058
6957,0
6958,0
6959,3411
6960,1483
6961,10
6962,2
6963,57776
6964,4583
6965,0
6966,0
6967,367
6968,0
6969,4
6970,295
6971,0
6972,130
6973,0
6974,35
6975,0
6976,3
6977,9
6978,13
6979,1
6980,6
6981,0
6982,3
6983,2
6984,11
6985,0
6986,0
6987,0
6988,0
6989,0
6990,174
6991,369
6992,74
6993,17
6994,164
6995,0
6996,166
6997,1234
6998,758
6999,0
7000,0
7001,15
7002,0
7003,0
7004,1092
7005,122
7006,74
7007,244
7008,0
7009,13
7010,0
7011,51663
7012,0
7013,0
7014,1083
7015,5
7016,18329
7017,4
7018,4
7019,17
7020,0
7021,0
7022,0
7023,0
7024,0
7025,0
7026,1
7027,0
7028,0
7029,0
7030,0
7031,0
7032,0
7033,0
7034,0
7035,0
7036,0
7037,0
7038,0
7039,0
7040,0
7041,0
7042,0
7043,3
7044,0
7045,0
7046,0
7047,0
7048,0
7049,0
7050,0
7051,0
7052,0
7053,0
7054,0
7055,0
7056,0
7057,0
7058,0
7059,0
7060,0
7061,0
7062,0
7063,0
7064,0
7065,0
7066,0
7067,0
7068,0
7069,0
7070,0
7071,0
7072,0
7073,0
7074,0
7075,0
7076,0
7077,0
7078,0
7079,0
7080,0
7081,0
7082,0
7083,0
7084,0
7085,0
7086,0
7087,0
7088,0
7089,0
7090,0
7091,0
7092,0
7093,0
7094,0
7095,0
7096,0
7097,0
7098,0
7099,0
7100,0
7101,0
7102,0
7103,0
7104,0
7105,0
7106,0
7107,0
7108,0
7109,0
7110,0
7111,0
7112,0
7113,0
7114,0
7115,0
7116,0
7117,0
7118,0
7119,0
7120,0
7121,0
7122,0
7123,0
7124,0
7125,0
7126,0
7127,0
7128,0
7129,0
7130,0
7131,0
7132,0
7133,0
7134,0
7135,0
7136,0
7137,0
7138,0
7139,0
7140,0
7141,0
7142,6915
7143,0
7144,1966
7145,603
7146,4483
7147,1
7148,0
7149,110
7150,4256
7151,0
7152,80
7153,25
7154,0
7155,0
7156,129
7157,12434
7158,5112
7159,336
7160,588
7161,178
7162,165
7163,27
7164,0
7165,1877
7166,16
7167,47
7168,41348
7169,0
7170,320
7171,639
7172,6
7173,33
7174,2797
7175,54
7176,182
7177,682
7178,1456
7179,4366
7180,388
7181,12227
7182,0
7183,365
7184,220
7185,266
7186,346
7187,4
7188,31
7189,20
7190,1
7191,0
7192,0
7193,3
7194,66
7195,0
7196,8
7197,181
7198,647
7199,0
7200,1
7201,0
7202,0
7203,0
7204,230
7205,15343
7206,2
7207,74
7208,2
7209,447
7210,18
7211,178
7212,453
7213,0
7214,6
7215,0
7216,4
7217,21
7218,5
7219,2
7220,0
7221,0
7222,2
7223,1
7224,2
7225,0
7226,0
7227,1
7228,0
7229,1
7230,0
7231,13
7232,0
7233,26
7234,7672
7235,0
7236,271
7237,699
7238,1
7239,0
7240,0
7241,13
7242,260
7243,8663
7244,51
7245,1228
7246,157
7247,305
7248,87
7249,2
7250,10
7251,8
7252,0
7253,0
7254,0
7255,5860
7256,41
7257,0
7258,839
7259,7
7260,15
7261,2
7262,113
7263,3
7264,0
7265,23743
7266,366065
7267,4
7268,192
7269,66
7270,4219
7271,18
7272,20
7273,130
7274,2
7275,0
7276,3
7277,489
7278,109
7279,1
7280,0
7281,0
7282,11
7283,221
7284,0
7285,195
7286,0
7287,0
7288,0
7289,273
7290,0
7291,1
7292,0
7293,2
7294,0
7295,6
7296,0
7297,417
7298,0
7299,12
7300,0
7301,56
7302,0
7303,0
7304,0
7305,0
7306,0
7307,0
7308,0
7309,0
7310,52
7311,0
7312,0
7313,0
7314,0
7315,0
7316,31
7317,2
7318,0
7319,0
7320,0
7321,0
7322,0
7323,0
7324,0
7325,0
7326,0
7327,0
7328,0
7329,0
7330,0
7331,0
7332,0
7333,0
7334,0
7335,0
7336,0
7337,0
7338,0
7339,0
7340,72
7341,0
7342,8
7343,9
7344,15
7345,17
7346,0
7347,0
7348,0
7349,0
7350,0
7351,0
7352,0
7353,0
7354,0
7355,0
7356,190
7357,2
7358,2
7359,171
7360,0
7361,0
7362,0
7363,5
7364,0
7365,14
7366,0
7367,0
7368,29
7369,0
7370,4
7371,20
7372,17
7373,0
7374,0
7375,0
7376,0
7377,0
7378,0
7379,101
7380,6
7381,7
7382,100
7383,0
7384,0
7385,0
7386,0
7387,0
7388,104
7389,0
7390,0
7391,100
7392,0
7393,0
7394,0
7395,10
7396,39
7397,42
7398,132
7399,0
7400,4
7401,0
7402,0
7403,4
7404,0
7405,0
7406,0
7407,3
7408,0
7409,0
7410,0
7411,14
7412,0
7413,0
7414,0
7415,0
7416,0
7417,13
7418,16
7419,0
7420,30
7421,0
7422,1
7423,5
7424,0
7425,97
7426,0
7427,0
7428,0
7429,0
7430,15
7431,1
7432,0
7433,2
7434,30
7435,0
7436,0
7437,5
7438,0
7439,0
7440,459
7441,0
7442,0
7443,3
7444,0
7445,0
7446,0
7447,0
7448,0
7449,0
7450,0
7451,0
7452,7
7453,0
7454,0
7455,1
7456,0
7457,0
7458,0
7459,0
7460,0
7461,0
7462,0
7463,0
7464,0
7465,0
7466,0
7467,1
7468,0
7469,2
7470,0
7471,0
7472,1
7473,0
7474,0
7475,0
7476,0
7477,0
7478,0
7479,0
7480,0
7481,0
7482,0
7483,0
7484,0
7485,56
7486,14
7487,149
7488,7
7489,0
7490,0
7491,0
7492,0
7493,0
7494,0
7495,0
7496,0
7497,0
7498,0
7499,0
7500,0
7501,7
7502,10
7503,2
7504,0
7505,0
7506,0
7507,0
7508,0
7509,0
7510,0
7511,0
7512,0
7513,0
7514,0
7515,0
7516,0
7517,0
7518,0
7519,0
7520,0
7521,21
7522,0
7523,0
7524,0
7525,0
7526,0
7527,0
7528,0
7529,0
7530,0
7531,0
7532,0
7533,2
7534,3
7535,0
7536,0
7537,0
7538,0
7539,8
7540,0
7541,16
7542,0
7543,16
7544,1
7545,1
7546,0
7547,8
7548,0
7549,33
7550,1
7551,3
7552,0
7553,0
7554,0
7555,0
7556,22
7557,0
7558,0
7559,0
7560,0
7561,0
7562,0
7563,0
7564,56
7565,64
7566,0
7567,0
7568,0
7569,0
7570,52
7571,0
7572,33
7573,0
7574,0
7575,372
7576,8
7577,163
7578,15
7579,46
7580,0
7581,0
7582,0
7583,5
7584,224
7585,4
7586,65
7587,64
7588,6
7589,0
7590,0
7591,0
7592,0
7593,6
7594,0
7595,0
7596,0
7597,5
7598,9
7599,0
7600,0
7601,116
7602,81
7603,502
7604,0
7605,35
7606,1
7607,7
7608,7
7609,16
7610,0
7611,0
7612,0
7613,354
7614,15
7615,7
7616,391
7617,243
7618,1
7619,3
7620,3
7621,0
7622,0
7623,0
7624,0
7625,9
7626,1
7627,22
7628,73
7629,2
7630,0
7631,4
7632,2
7633,1
7634,0
7635,64
7636,0
7637,1
7638,146
7639,10
7640,0
7641,68
7642,27
7643,11
7644,2
7645,0
7646,348
7647,303
7648,20305
7649,1091
7650,70
7651,15
7652,46334
7653,24
7654,0
7655,1456
7656,9
7657,16154
7658,480626
7659,0
7660,3467
7661,17
7662,0
7663,353549
7664,6
7665,40
7666,3247
7667,110
7668,12735
7669,1
7670,11794
7671,0
7672,0
7673,0
7674,1
7675,1
7676,0
7677,18
7678,753
7679,10
7680,85
7681,42
7682,1641
7683,1281
7684,0
7685,0
7686,167
7687,43
7688,0
7689,0
7690,1
7691,0
7692,2
7693,0
7694,22
7695,1703
7696,19
7697,0
7698,246
7699,161
7700,248
7701,0
7702,0
7703,0
7704,0
7705,18
7706,79
7707,1164
7708,28
7709,3
7710,4339
7711,401
7712,0
7713,0
7714,96
7715,518
7716,0
7717,45
7718,0
7719,3
7720,3
7721,523
7722,70
7723,8
7724,4
7725,0
7726,154
7727,0
7728,0
7729,17
7730,26
7731,274
7732,0
7733,2224
7734,1051
7735,4103
7736,0
7737,30
7738,141
7739,0
7740,0
7741,0
7742,1
7743,297
7744,12
7745,920
7746,57
7747,2
7748,1
7749,3987
7750,93
7751,69
7752,0
7753,114
7754,0
7755,277
7756,5906
7757,715
7758,386
7759,50
7760,338
7761,7
7762,5
7763,240
7764,0
7765,0
7766,1734
7767,3
7768,0
7769,0
7770,772
7771,0
7772,29
7773,1252
7774,1
7775,104
7776,0
7777,33
7778,401
7779,1
7780,1
7781,71
7782,5
7783,24
7784,61
7785,0
7786,0
7787,114
7788,4
7789,72
7790,0
7791,1
7792,13
7793,0
7794,0
7795,27
7796,0
7797,110
7798,555
7799,0
7800,0
7801,7
7802,101
7803,0
7804,5
7805,5
7806,198
7807,0
7808,1008
7809,0
7810,0
7811,62
7812,0
7813,471
7814,4
7815,0
7816,25
7817,52
7818,0
7819,0
7820,1059
7821,1
7822,11
7823,0
7824,6
7825,1
7826,163
7827,0
7828,75
7829,5
7830,0
7831,2
7832,0
7833,1
7834,4275
7835,153
7836,383
7837,0
7838,1
7839,58
7840,0
7841,48
7842,65
7843,0
7844,32
7845,17
7846,3
7847,3
7848,5
7849,281
7850,7
7851,2
7852,2
7853,9
7854,3
7855,235
7856,0
7857,0
7858,945
7859,1
7860,181
7861,146
7862,0
7863,1
7864,0
7865,1
7866,947
7867,23
7868,2
7869,39
7870,87
7871,2
7872,0
7873,690
7874,0
7875,0
7876,2
7877,631
7878,0
7879,108
7880,6
7881,0
7882,0
7883,1
7884,1528
7885,0
7886,0
7887,7
7888,199
7889,0
7890,85
7891,3
7892,27
7893,0
7894,7
7895,138
7896,198
7897,0
7898,7
7899,59
7900,1
7901,250
7902,0
7903,1
7904,633
7905,0
7906,0
7907,130
7908,0
7909,12
7910,286
7911,154
7912,4
7913,279
7914,139
7915,0
7916,0
7917,43
7918,9
7919,757
7920,224
7921,0
7922,85
7923,2
7924,0
7925,5
7926,21
7927,22
7928,0
7929,0
7930,12
7931,16
7932,0
7933,66
7934,1
7935,0
7936,11
7937,0
7938,29
7939,187
7940,53
7941,0
7942,0
7943,0
7944,4
7945,0
7946,0
7947,1
7948,22
7949,74
7950,237
7951,7
7952,23
7953,2
7954,0
7955,71
7956,783
7957,16
7958,17
7959,12
7960,0
7961,16
7962,0
7963,0
7964,2
7965,0
7966,14
7967,597
7968,0
7969,315
7970,1729
7971,1
7972,4388
7973,8
7974,97
7975,200
7976,298
7977,78
7978,61
7979,176
7980,0
7981,51
7982,566
7983,10
7984,1
7985,2
7986,0
7987,173
7988,3
7989,217
7990,3
7991,134
7992,13
7993,6
7994,9
7995,473
7996,0
7997,808
7998,35
7999,1233
8000,0
8001,0
8002,29
8003,205
8004,0
8005,69
8006,86
8007,0
8008,0
8009,7
8010,59
8011,0
8012,0
8013,0
8014,1
8015,306
8016,11
8017,1
8018,46
8019,5
8020,2
8021,193
8022,0
8023,1
8024,993
8025,46534
8026,9035
8027,0
8028,0
8029,0
8030,0
8031,0
8032,0
8033,0
8034,1
8035,0
8036,0
8037,0
8038,0
8039,0
8040,0
8041,19
8042,0
8043,0
8044,0
8045,0
8046,0
8047,0
8048,0
8049,0
8050,0
8051,0
8052,0
8053,0
8054,0
8055,0
8056,0
8057,0
8058,0
8059,29
8060,106
8061,574
8062,4
8063,290
8064,0
8065,0
8066,60
8067,21
8068,139
8069,209
8070,2
8071,268
8072,131
8073,109
8074,6
8075,2
8076,0
8077,0
8078,0
8079,0
8080,0
8081,0
8082,0
8083,0
8084,0
8085,0
8086,0
8087,0
8088,0
8089,0
8090,0
8091,0
8092,0
8093,0
8094,0
8095,0
8096,0
8097,0
8098,0
8099,0
8100,0
8101,0
8102,0
8103,0
8104,0
8105,0
8106,0
8107,0
8108,0
8109,0
8110,0
8111,0
8112,0
8113,0
8114,0
8115,0
8116,0
8117,0
8118,0
8119,0
8120,0
8121,0
8122,0
8123,0
8124,0
8125,0
8126,0
8127,0
8128,0
8129,0
8130,0
8131,0
8132,64
8133,0
8134,3
8135,0
8136,6
8137,1477
8138,326
8139,58
8140,710
8141,3
8142,38
8143,0
8144,0
8145,13
8146,0
8147,11554
8148,13197
8149,64
8150,1218
8151,0
8152,65
8153,31
8154,0
8155,0
8156,269
8157,7
8158,42
8159,36
8160,0
8161,0
8162,0
8163,0
8164,4
8165,0
8166,87
8167,0
8168,1
8169,282
8170,13
8171,0
8172,56
8173,0
8174,9
8175,16
8176,7
8177,0
8178,0
8179,74
8180,9
8181,0
8182,1
8183,60
8184,5
8185,1
8186,1
8187,0
8188,852
8189,12
8190,66
8191,957
8192,0
8193,0
8194,0
8195,14
8196,0
8197,1679
8198,35
8199,0
8200,34
8201,0
8202,1
8203,13
8204,2788
8205,47
8206,27
8207,2
8208,0
8209,9
8210,52
8211,0
8212,176
8213,15
8214,64
8215,0
8216,0
8217,4
8218,32
8219,97
8220,0
8221,16
8222,3
8223,0
8224,0
8225,56
8226,7
8227,33
8228,31
8229,0
8230,39
8231,36
8232,74
8233,384
8234,926
8235,3
8236,0
8237,6
8238,40
8239,4
8240,4
8241,35
8242,2
8243,0
8244,0
8245,0
8246,13
8247,0
8248,0
8249,520
8250,79
8251,1
8252,3
8253,41
8254,3
8255,11
8256,17
8257,9
8258,5
8259,2
8260,8
8261,1007
8262,0
8263,9
8264,3
8265,269
8266,0
8267,12
8268,67
8269,437
8270,8
8271,0
8272,27
8273,0
8274,4739
8275,646
8276,1
8277,4
8278,0
8279,14
8280,1863
8281,1
8282,40
8283,44
8284,0
8285,16025
8286,0
8287,721
8288,0
8289,0
8290,11
8291,0
8292,0
8293,0
8294,812
8295,0
8296,1
8297,3
8298,0
8299,7
8300,1
8301,2
8302,225
8303,0
8304,0
8305,2
8306,2
8307,339
8308,12
8309,126
8310,1
8311,0
8312,1
8313,1
8314,0
8315,0
8316,2
8317,0
8318,0
8319,0
8320,0
8321,0
8322,0
8323,0
8324,15
8325,918
8326,0
8327,0
8328,0
8329,1
8330,1
8331,20
8332,42
8333,36
8334,49
8335,136
8336,0
8337,0
8338,0
8339,4887
8340,0
8341,142
8342,21
8343,1437
8344,2647
8345,5
8346,9
8347,915
8348,63
8349,134
8350,2
8351,377
8352,52
8353,34
8354,370
8355,0
8356,123
8357,0
8358,857
8359,648464
8360,0
8361,154
8362,2
8363,3
8364,22
8365,131
8366,114
8367,3893
8368,158411
8369,35
8370,2739
8371,77
8372,36729
8373,673
8374,792
8375,7
8376,0
8377,7071
8378,74
8379,11178
8380,12796
8381,11
8382,81
8383,0
8384,0
8385,215
8386,2
8387,55
8388,89628
8389,8229
8390,0
8391,156
8392,77
8393,2
8394,0
8395,123
8396,3416
8397,0
8398,224
8399,0
8400,0
8401,1
8402,59
8403,67
8404,0
8405,249
8406,0
8407,28
8408,32
8409,40298
8410,4046
8411,534
8412,0
8413,31
8414,32
8415,2
8416,0
8417,1
8418,2
8419,0
8420,0
8421,0
8422,0
8423,29
8424,0
8425,2
8426,2
8427,0
8428,13
8429,298
8430,19
8431,0
8432,1
8433,0
8434,308
8435,25714
8436,24
8437,45135
8438,0
8439,0
8440,219
8441,0
8442,1
8443,1
8444,505
8445,1
8446,0
8447,0
8448,0
8449,494
8450,2
8451,180
8452,3
8453,0
8454,0
8455,1
8456,1
8457,31
8458,4
8459,0
8460,305
8461,0
8462,20
8463,2
8464,12
8465,0
8466,0
8467,5853
8468,0
8469,42
8470,4
8471,0
8472,0
8473,111
8474,2
8475,0
8476,2
8477,0
8478,0
8479,0
8480,1
8481,0
8482,2
8483,450
8484,17
8485,3606
8486,1760
8487,0
8488,1661
8489,890
8490,243
8491,31
8492,347
8493,123
8494,68
8495,4271
8496,0
8497,5278
8498,1962
8499,956
8500,2971
8501,0
8502,2
8503,144
8504,0
8505,0
8506,7
8507,1129
8508,6
8509,1
8510,40
8511,90
8512,67
8513,12
8514,977
8515,114
8516,0
8517,496
8518,0
8519,0
8520,60
8521,3
8522,15
8523,3062
8524,11
8525,3
8526,13
8527,0
8528,3
8529,6
8530,0
8531,0
8532,2979
8533,0
8534,0
8535,1
8536,2
8537,2
8538,65
8539,2
8540,0
8541,17
8542,60
8543,0
8544,0
8545,30
8546,0
8547,2
8548,0
8549,35
8550,2
8551,5
8552,1
8553,22812
8554,87
8555,7
8556,0
8557,204
8558,446
8559,632
8560,0
8561,0
8562,18206
8563,2277
8564,9
8565,3
8566,0
8567,339
8568,1039
8569,212
8570,0
8571,0
8572,0
8573,0
8574,0
8575,0
8576,0
8577,0
8578,0
8579,0
8580,0
8581,0
8582,0
8583,0
8584,0
8585,0
8586,0
8587,0
8588,14
8589,5
8590,195
8591,0
8592,0
8593,28
8594,0
8595,5
8596,1
8597,0
8598,4
8599,0
8600,1
8601,6
8602,10
8603,3
8604,6
8605,7
8606,11
8607,6
8608,3
8609,4
8610,5
8611,6
8612,206
8613,0
8614,29
8615,0
8616,0
8617,0
8618,1092
8619,16
8620,0
8621,1
8622,2
8623,1
8624,5
8625,6
8626,3
8627,582
8628,0
8629,0
8630,0
8631,135
8632,49
8633,400
8634,0
8635,0
8636,3
8637,14
8638,0
8639,0
8640,0
8641,0
8642,0
8643,0
8644,0
8645,0
8646,0
8647,0
8648,0
8649,37
8650,189
8651,0
8652,0
8653,0
8654,0
8655,0
8656,6219
8657,0
8658,31887
8659,14
8660,0
8661,0
8662,34
8663,0
8664,0
8665,0
8666,0
8667,0
8668,58
8669,0
8670,0
8671,2313
8672,0
8673,43
8674,0
8675,0
8676,25
8677,18
8678,8613
8679,0
8680,454
8681,0
8682,0
8683,16638
8684,874
8685,0
8686,0
8687,94
8688,4
8689,2
8690,640
8691,6538
8692,10
8693,0
8694,0
8695,240
8696,0
8697,0
8698,0
8699,96
8700,757
8701,420
8702,9
8703,262
8704,0
8705,0
8706,118
8707,0
8708,0
8709,0
8710,0
8711,0
8712,0
8713,0
8714,0
8715,0
8716,0
8717,1
8718,26
8719,18
8720,992
8721,77
8722,0
8723,0
8724,0
8725,0
8726,0
8727,0
8728,0
8729,1
8730,0
8731,4
8732,0
8733,0
8734,6
8735,1
8736,0
8737,0
8738,0
8739,130
8740,0
8741,1
8742,25
8743,5
8744,417
8745,1
8746,0
8747,0
8748,0
8749,0
8750,0
8751,36
8752,63
8753,33
8754,9
8755,10
8756,0
8757,0
8758,0
8759,0
8760,207
8761,0
8762,0
8763,0
8764,581
8765,0
8766,0
8767,0
8768,0
8769,222
8770,0
8771,0
8772,0
8773,39
8774,0
8775,0
8776,0
8777,3
8778,0
8779,18
8780,0
8781,0
8782,0
8783,0
8784,0
8785,1
8786,0
8787,0
8788,0
8789,0
8790,0
8791,0
8792,240
8793,1
8794,92
8795,19
8796,11
8797,772
8798,0
8799,122
8800,42
8801,8
8802,0
8803,0
8804,1
8805,18
8806,295
8807,2
8808,0
8809,0
8810,3
8811,0
8812,45
8813,0
8814,2
8815,1576
8816,5994
8817,550
8818,10
8819,0
8820,57
8821,0
8822,0
8823,10
8824,0
8825,86
8826,967
8827,1
8828,0
8829,0
8830,31
8831,9236
8832,4
8833,9
8834,2971
8835,3799
8836,1075
8837,0
8838,0
8839,616
8840,1
8841,2628
8842,1
8843,0
8844,0
8845,0
8846,12
8847,5
8848,0
8849,1
8850,50
8851,2
8852,22
8853,267
8854,6292
8855,0
8856,0
8857,1406
8858,2
8859,0
8860,148
8861,21643
8862,359
8863,16864
8864,0
8865,0
8866,0
8867,1
8868,7
8869,15
8870,1
8871,2
8872,12
8873,31
8874,1
8875,85
8876,0
8877,0
8878,0
8879,0
8880,809
8881,10
8882,14444
8883,0
8884,21
8885,0
8886,0
8887,3
8888,0
8889,8
8890,230684
8891,0
8892,0
8893,353
8894,0
8895,11
8896,4
8897,255
8898,334
8899,0
8900,11
8901,0
8902,12
8903,0
8904,2601
8905,34
8906,62
8907,0
8908,898
8909,0
8910,633
8911,319
8912,459
8913,0
8914,0
8915,0
8916,0
8917,0
8918,0
8919,0
8920,0
8921,0
8922,0
8923,0
8924,0
8925,0
8926,0
8927,0
8928,0
8929,0
8930,0
8931,0
8932,3
8933,0
8934,0
8935,48
8936,1
8937,2
8938,0
8939,16
8940,5
8941,0
8942,0
8943,0
8944,0
8945,0
8946,0
8947,0
8948,0
8949,0
8950,0
8951,0
8952,0
8953,0
8954,0
8955,0
8956,0
8957,0
8958,0
8959,0
8960,0
8961,0
8962,0
8963,0
8964,0
8965,0
8966,0
8967,0
8968,0
8969,0
8970,0
8971,0
8972,0
8973,0
8974,0
8975,0
8976,0
8977,0
8978,0
8979,0
8980,0
8981,0
8982,0
8983,0
8984,0
8985,0
8986,0
8987,0
8988,0
8989,0
8990,0
8991,0
8992,0
8993,0
8994,0
8995,0
8996,0
8997,0
8998,0
8999,0
9000,0
9001,0
9002,0
9003,0
9004,0
9005,0
9006,0
9007,0
9008,0
9009,0
9010,0
9011,0
9012,0
9013,0
9014,0
9015,0
9016,0
9017,0
9018,0
9019,0
9020,0
9021,0
9022,0
9023,0
9024,0
9025,0
9026,0
9027,0
9028,0
9029,0
9030,0
9031,0
9032,0
9033,0
9034,0
9035,0
9036,0
9037,0
9038,0
9039,0
9040,0
9041,0
9042,0
9043,0
9044,0
9045,0
9046,0
9047,0
9048,0
9049,0
9050,0
9051,0
9052,0
9053,0
9054,0
9055,0
9056,0
9057,0
9058,0
9059,0
9060,0
9061,0
9062,0
9063,0
9064,0
9065,0
9066,0
9067,0
9068,0
9069,0
9070,0
9071,0
9072,0
9073,0
9074,0
9075,0
9076,0
9077,0
9078,0
9079,0
9080,0
9081,0
9082,0
9083,0
9084,0
9085,0
9086,0
9087,0
9088,0
9089,0
9090,0
9091,0
9092,0
9093,0
9094,0
9095,0
9096,0
9097,0
9098,0
9099,0
9100,0
9101,0
9102,0
9103,0
9104,0
9105,0
9106,0
9107,0
9108,0
9109,0
9110,0
9111,0
9112,0
9113,0
9114,0
9115,0
9116,0
9117,0
9118,0
9119,0
9120,0
9121,0
9122,0
9123,0
9124,0
9125,0
9126,0
9127,0
9128,0
9129,0
9130,0
9131,0
9132,0
9133,0
9134,0
9135,0
9136,0
9137,0
9138,0
9139,0
9140,0
9141,0
9142,0
9143,0
9144,0
9145,0
9146,0
9147,0
9148,0
9149,0
9150,0
9151,0
9152,0
9153,0
9154,0
9155,0
9156,0
9157,0
9158,0
9159,0
9160,0
9161,0
9162,0
9163,0
9164,0
9165,0
9166,0
9167,0
9168,0
9169,0
9170,0
9171,0
9172,0
9173,0
9174,0
9175,0
9176,0
9177,0
9178,0
9179,0
9180,0
9181,0
9182,0
9183,0
9184,0
9185,0
9186,0
9187,0
9188,0
9189,0
9190,0
9191,0
9192,0
9193,0
9194,0
9195,0
9196,0
9197,13
9198,0
9199,142
9200,0
9201,0
9202,0
9203,0
9204,0
9205,0
9206,0
9207,0
9208,0
9209,0
9210,0
9211,0
9212,0
9213,0
9214,0
9215,0
9216,0
9217,0
9218,0
9219,0
9220,0
9221,0
9222,140
9223,5
9224,0
9225,0
9226,0
9227,0
9228,0
9229,0
9230,0
9231,0
9232,0
9233,67211
9234,0
9235,0
9236,0
9237,0
9238,0
9239,0
9240,0
9241,0
9242,0
9243,0
9244,0
9245,0
9246,0
9247,0
9248,0
9249,0
9250,0
9251,0
9252,0
9253,0
9254,0
9255,0
9256,0
9257,0
9258,0
9259,0
9260,0
9261,0
9262,0
9263,0
9264,10
9265,46
9266,0
9267,0
9268,0
9269,0
9270,0
9271,0
9272,0
9273,0
9274,0
9275,0
9276,0
9277,0
9278,0
9279,0
9280,0
9281,0
9282,0
9283,0
9284,0
9285,0
9286,34
9287,0
9288,0
9289,0
9290,0
9291,0
9292,0
9293,0
9294,0
9295,0
9296,0
9297,0
9298,0
9299,0
9300,0
9301,0
9302,0
9303,0
9304,0
9305,0
9306,0
9307,0
9308,0
9309,0
9310,0
9311,0
9312,0
9313,0
9314,0
9315,0
9316,0
9317,0
9318,0
9319,0
9320,0
9321,1218
9322,0
9323,0
9324,0
9325,0
9326,0
9327,0
9328,12
9329,0
9330,0
9331,0
9332,0
9333,0
9334,0
9335,0
9336,0
9337,0
9338,0
9339,0
9340,0
9341,0
9342,0
9343,0
9344,108
9345,0
9346,0
9347,0
9348,0
9349,0
9350,0
9351,0
9352,0
9353,0
9354,0
9355,0
9356,0
9357,0
9358,0
9359,0
9360,0
9361,0
9362,0
9363,0
9364,0
9365,0
9366,0
9367,0
9368,0
9369,0
9370,0
9371,0
9372,0
9373,0
9374,0
9375,0
9376,0
9377,0
9378,0
9379,0
9380,0
9381,0
9382,0
9383,0
9384,0
9385,0
9386,0
9387,0
9388,0
9389,0
9390,0
9391,0
9392,0
9393,0
9394,0
9395,0
9396,0
9397,0
9398,0
9399,0
9400,0
9401,0
9402,0
9403,0
9404,0
9405,0
9406,0
9407,0
9408,0
9409,541
9410,0
9411,0
9412,0
9413,0
9414,0
9415,0
9416,0
9417,0
9418,0
9419,0
9420,0
9421,0
9422,0
9423,0
9424,0
9425,0
9426,0
9427,0
9428,0
9429,0
9430,0
9431,0
9432,0
9433,0
9434,0
9435,0
9436,0
9437,0
9438,0
9439,0
9440,0
9441,0
9442,0
9443,15
9444,0
9445,0
9446,0
9447,0
9448,0
9449,0
9450,0
9451,0
9452,0
9453,0
9454,0
9455,0
9456,0
9457,0
9458,0
9459,0
9460,0
9461,0
9462,0
9463,0
9464,0
9465,0
9466,0
9467,0
9468,0
9469,0
9470,0
9471,0
9472,0
9473,0
9474,0
9475,0
9476,0
9477,0
9478,0
9479,0
9480,0
9481,0
9482,0
9483,0
9484,140
9485,0
9486,0
9487,0
9488,0
9489,0
9490,0
9491,0
9492,0
9493,0
9494,0
9495,0
9496,0
9497,0
9498,0
9499,0
9500,0
9501,0
9502,0
9503,0
9504,84
9505,0
9506,0
9507,0
9508,0
9509,0
9510,0
9511,0
9512,0
9513,0
9514,0
9515,0
9516,0
9517,0
9518,0
9519,0
9520,0
9521,0
9522,0
9523,0
9524,0
9525,0
9526,0
9527,0
9528,0
9529,0
9530,0
9531,0
9532,0
9533,0
9534,0
9535,0
9536,0
9537,0
9538,0
9539,0
9540,0
9541,0
9542,0
9543,0
9544,0
9545,0
9546,0
9547,0
9548,0
9549,0
9550,0
9551,0
9552,0
9553,0
9554,0
9555,0
9556,0
9557,0
9558,0
9559,0
9560,0
9561,0
9562,0
9563,0
9564,0
9565,0
9566,0
9567,0
9568,0
9569,764
9570,1
9571,0
9572,0
9573,0
9574,0
9575,0
9576,0
9577,0
9578,0
9579,0
9580,0
9581,0
9582,0
9583,0
9584,0
9585,0
9586,0
9587,0
9588,0
9589,0
9590,0
9591,0
9592,0
9593,0
9594,0
9595,0
9596,0
9597,0
9598,0
9599,0
9600,0
9601,0
9602,0
9603,0
9604,0
9605,0
9606,0
9607,0
9608,0
9609,0
9610,0
9611,0
9612,0
9613,0
9614,0
9615,0
9616,0
9617,0
9618,0
9619,0
9620,0
9621,0
9622,0
9623,0
9624,0
9625,0
9626,0
9627,0
9628,0
9629,0
9630,0
9631,0
9632,0
9633,0
9634,0
9635,0
9636,0
9637,0
9638,0
9639,0
9640,0
9641,0
9642,0
9643,0
9644,0
9645,0
9646,0
9647,0
9648,0
9649,0
9650,0
9651,0
9652,0
9653,0
9654,0
9655,0
9656,0
9657,0
9658,0
9659,0
9660,0
9661,0
9662,0
9663,0
9664,0
9665,0
9666,0
9667,0
9668,0
9669,0
9670,0
9671,0
9672,0
9673,0
9674,0
9675,0
9676,0
9677,0
9678,0
9679,0
9680,0
9681,0
9682,0
9683,0
9684,0
9685,0
9686,0
9687,0
9688,0
9689,0
9690,0
9691,0
9692,0
9693,192
9694,0
9695,0
9696,0
9697,0
9698,0
9699,0
9700,0
9701,0
9702,0
9703,0
9704,0
9705,0
9706,0
9707,0
9708,0
9709,0
9710,0
9711,0
9712,0
9713,0
9714,0
9715,0
9716,0
9717,0
9718,0
9719,0
9720,0
9721,0
9722,0
9723,0
9724,0
9725,0
9726,0
9727,0
9728,0
9729,0
9730,0
9731,0
9732,0
9733,0
9734,0
9735,0
9736,0
9737,0
9738,2
9739,0
9740,0
9741,0
9742,0
9743,0
9744,0
9745,0
9746,0
9747,0
9748,0
9749,0
9750,0
9751,0
9752,0
9753,0
9754,0
9755,0
9756,0
9757,0
9758,12
9759,0
9760,0
9761,0
9762,0
9763,0
9764,0
9765,0
9766,0
9767,0
9768,0
9769,0
9770,0
9771,0
9772,0
9773,0
9774,0
9775,0
9776,0
9777,0
9778,0
9779,0
9780,0
9781,0
9782,0
9783,0
9784,0
9785,0
9786,0
9787,0
9788,0
9789,0
9790,0
9791,0
9792,0
9793,0
9794,0
9795,0
9796,0
9797,47
9798,0
9799,0
9800,0
9801,0
9802,0
9803,0
9804,0
9805,0
9806,0
9807,0
9808,0
9809,0
9810,0
9811,0
9812,0
9813,0
9814,0
9815,0
9816,0
9817,0
9818,0
9819,0
9820,0
9821,0
9822,0
9823,0
9824,0
9825,0
9826,0
9827,0
9828,0
9829,0
9830,0
9831,0
9832,0
9833,0
9834,0
9835,0
9836,0
9837,0
9838,0
9839,0
9840,0
9841,0
9842,0
9843,0
9844,0
9845,0
9846,0
9847,0
9848,0
9849,0
9850,0
9851,0
9852,0
9853,0
9854,5458
9855,0
9856,0
9857,0
9858,0
9859,0
9860,0
9861,0
9862,0
9863,0
9864,0
9865,0
9866,0
9867,0
9868,0
9869,0
9870,0
9871,0
9872,0
9873,0
9874,0
9875,0
9876,0
9877,0
9878,0
9879,0
9880,0
9881,1
9882,0
9883,0
9884,0
9885,0
9886,0
9887,0
9888,0
9889,0
9890,0
9891,0
9892,0
9893,0
9894,0
9895,0
9896,0
9897,0
9898,0
9899,0
9900,0
9901,0
9902,0
9903,0
9904,0
9905,0
9906,0
9907,0
9908,0
9909,0
9910,0
9911,0
9912,0
9913,0
9914,0
9915,0
9916,0
9917,0
9918,0
9919,0
9920,0
9921,0
9922,0
9923,0
9924,0
9925,0
9926,0
9927,0
9928,0
9929,0
9930,0
9931,0
9932,0
9933,0
9934,0
9935,0
9936,0
9937,0
9938,0
9939,0
9940,0
9941,0
9942,0
9943,0
9944,0
9945,0
9946,0
9947,0
9948,0
9949,0
9950,0
9951,0
9952,0
9953,0
9954,0
9955,0
9956,0
9957,0
9958,0
9959,0
9960,0
9961,0
9962,0
9963,0
9964,0
9965,0
9966,0
9967,0
9968,0
9969,0
9970,0
9971,0
9972,0
9973,0
9974,0
9975,0
9976,0
9977,0
9978,0
9979,0
9980,0
9981,0
9982,0
9983,0
9984,0
9985,0
9986,0
9987,0
9988,6
9989,0
9990,0
9991,0
9992,0
9993,0
9994,0
9995,0
9996,0
9997,0
9998,0
9999,0
10000,0
10001,0
10002,0
10003,0
10004,0
10005,0
10006,0
10007,0
10008,0
10009,0
10010,0
10011,0
10012,0
10013,0
10014,0
10015,0
10016,0
10017,0
10018,0
10019,0
10020,0
10021,0
10022,0
10023,0
10024,0
10025,0
10026,0
10027,0
10028,0
10029,0
10030,0
10031,0
10032,0
10033,0
10034,0
10035,0
10036,0
10037,0
10038,0
10039,0
10040,0
10041,0
10042,0
10043,0
10044,0
10045,0
10046,0
10047,0
10048,0
10049,0
10050,0
10051,0
10052,0
10053,0
10054,0
10055,0
10056,0
10057,0
10058,0
10059,0
10060,0
10061,0
10062,0
10063,0
10064,0
10065,0
10066,0
10067,0
10068,0
10069,0
10070,0
10071,0
10072,0
10073,0
10074,0
10075,0
10076,0
10077,0
10078,0
10079,0
10080,0
10081,0
10082,0
10083,0
10084,0
10085,0
10086,0
10087,0
10088,0
10089,0
10090,0
10091,1
10092,0
10093,0
10094,0
10095,0
10096,0
10097,0
10098,0
10099,0
10100,0
10101,0
10102,0
10103,0
10104,0
10105,0
10106,0
10107,0
10108,0
10109,0
10110,0
10111,0
10112,0
10113,0
10114,0
10115,0
10116,0
10117,0
10118,0
10119,0
10120,0
10121,0
10122,0
10123,0
10124,0
10125,0
10126,0
10127,0
10128,0
10129,0
10130,0
10131,0
10132,0
10133,0
10134,0
10135,0
10136,0
10137,0
10138,0
10139,0
10140,0
10141,0
10142,0
10143,0
10144,0
10145,0
10146,0
10147,0
10148,0
10149,0
10150,0
10151,0
10152,0
10153,0
10154,0
10155,0
10156,0
10157,0
10158,0
10159,0
10160,0
10161,0
10162,0
10163,0
10164,0
10165,0
10166,0
10167,0
10168,0
10169,0
10170,0
10171,0
10172,0
10173,0
10174,0
10175,0
10176,0
10177,0
10178,0
10179,0
10180,0
10181,0
10182,0
10183,0
10184,0
10185,0
10186,0
10187,0
10188,0
10189,0
10190,0
10191,0
10192,0
10193,0
10194,0
10195,0
10196,0
10197,0
10198,81
10199,21
10200,86
10201,0
10202,0
10203,0
10204,0
10205,0
10206,0
10207,0
10208,0
10209,0
10210,0
10211,0
10212,0
10213,0
10214,0
10215,0
10216,0
10217,0
10218,0
10219,0
10220,0
10221,0
10222,0
10223,0
10224,0
10225,0
10226,0
10227,0
10228,0
10229,0
10230,0
10231,0
10232,0
10233,0
10234,0
10235,0
10236,0
10237,0
10238,0
10239,0
10240,0
10241,0
10242,0
10243,0
10244,0
10245,0
10246,0
10247,0
10248,0
10249,0
10250,0
10251,0
10252,0
10253,0
10254,0
10255,0
10256,0
10257,0
10258,0
10259,0
10260,0
10261,0
10262,0
10263,0
10264,0
10265,0
10266,0
10267,0
10268,0
10269,1
10270,0
10271,0
10272,0
10273,0
10274,0
10275,0
10276,0
10277,0
10278,0
10279,0
10280,0
10281,0
10282,0
10283,0
10284,0
10285,0
10286,0
10287,0
10288,0
10289,0
10290,0
10291,0
10292,0
10293,0
10294,0
10295,0
10296,0
10297,0
10298,0
10299,0
10300,0
10301,0
10302,0
10303,0
10304,0
10305,0
10306,0
10307,0
10308,0
10309,0
10310,0
10311,0
10312,0
10313,0
10314,0
10315,0
10316,0
10317,0
10318,0
10319,0
10320,0
10321,0
10322,0
10323,0
10324,0
10325,0
10326,427
10327,0
10328,0
10329,0
10330,0
10331,0
10332,0
10333,0
10334,0
10335,0
10336,0
10337,0
10338,0
10339,0
10340,0
10341,0
10342,0
10343,0
10344,0
10345,0
10346,0
10347,0
10348,0
10349,0
10350,0
10351,0
10352,0
10353,0
10354,0
10355,0
10356,0
10357,0
10358,0
10359,0
10360,0
10361,0
10362,0
10363,0
10364,0
10365,0
10366,0
10367,0
10368,0
10369,0
10370,0
10371,0
10372,0
10373,0
10374,0
10375,0
10376,0
10377,0
10378,0
10379,0
10380,0
10381,0
10382,0
10383,0
10384,0
10385,0
10386,0
10387,0
10388,0
10389,0
10390,0
10391,0
10392,0
10393,0
10394,0
10395,0
10396,0
10397,0
10398,10
10399,0
10400,0
10401,0
10402,0
10403,0
10404,0
10405,0
10406,0
10407,0
10408,0
10409,0
10410,0
10411,0
10412,0
10413,0
10414,0
10415,0
10416,0
10417,0
10418,0
10419,0
10420,0
10421,0
10422,0
10423,0
10424,0
10425,0
10426,0
10427,0
10428,0
10429,0
10430,0
10431,0
10432,0
10433,0
10434,0
10435,0
10436,0
10437,0
10438,0
10439,0
10440,0
10441,0
10442,0
10443,0
10444,0
10445,0
10446,0
10447,0
10448,0
10449,0
10450,0
10451,0
10452,0
10453,0
10454,0
10455,0
10456,0
10457,0
10458,0
10459,0
10460,0
10461,0
10462,0
10463,0
10464,0
10465,0
10466,0
10467,0
10468,0
10469,0
10470,0
10471,0
10472,0
10473,0
10474,0
10475,0
10476,0
10477,0
10478,0
10479,0
10480,0
10481,0
10482,0
10483,0
10484,0
10485,0
10486,0
10487,0
10488,0
10489,0
10490,0
10491,0
10492,0
10493,0
10494,0
10495,0
10496,0
10497,0
10498,0
10499,0
10500,0
10501,0
10502,0
10503,0
10504,0
10505,0
10506,0
10507,0
10508,0
10509,0
10510,0
10511,0
10512,0
10513,0
10514,0
10515,0
10516,0
10517,0
10518,0
10519,0
10520,0
10521,0
10522,0
10523,0
10524,0
10525,0
10526,0
10527,0
10528,0
10529,0
10530,0
10531,0
10532,0
10533,0
10534,0
10535,0
10536,0
10537,0
10538,0
10539,0
10540,0
10541,0
10542,0
10543,0
10544,0
10545,0
10546,0
10547,0
10548,0
10549,0
10550,0
10551,0
10552,0
10553,0
10554,0
10555,0
10556,0
10557,0
10558,0
10559,0
10560,0
10561,0
10562,0
10563,0
10564,0
10565,0
10566,0
10567,0
10568,0
10569,0
10570,0
10571,0
10572,0
10573,0
10574,0
10575,0
10576,0
10577,0
10578,0
10579,0
10580,0
10581,0
10582,0
10583,0
10584,0
10585,0
10586,0
10587,0
10588,0
10589,0
10590,0
10591,0
10592,0
10593,0
10594,0
10595,0
10596,0
10597,0
10598,0
10599,0
10600,0
10601,0
10602,0
10603,0
10604,0
10605,0
10606,0
10607,0
10608,0
10609,0
10610,0
10611,0
10612,0
10613,0
10614,0
10615,0
10616,0
10617,0
10618,0
10619,0
10620,0
10621,0
10622,0
10623,0
10624,0
10625,0
10626,0
10627,0
10628,0
10629,0
10630,0
10631,0
10632,0
10633,0
10634,0
10635,0
10636,0
10637,0
10638,0
10639,0
10640,0
10641,0
10642,0
10643,0
10644,0
10645,0
10646,0
10647,0
10648,0
10649,0
10650,0
10651,0
10652,0
10653,0
10654,0
10655,0
10656,0
10657,0
10658,0
10659,0
10660,0
10661,0
10662,0
10663,0
10664,0
10665,0
10666,0
10667,0
10668,0
10669,0
10670,0
10671,0
10672,0
10673,0
10674,0
10675,0
10676,0
10677,0
10678,0
10679,0
10680,0
10681,0
10682,0
10683,0
10684,0
10685,0
10686,0
10687,0
10688,0
10689,0
10690,0
10691,0
10692,0
10693,0
10694,0
10695,0
10696,0
10697,0
10698,0
10699,0
10700,0
10701,0
10702,0
10703,0
10704,0
10705,0
10706,0
10707,0
10708,0
10709,0
10710,0
10711,0
10712,0
10713,0
10714,0
10715,0
10716,3
10717,0
10718,0
10719,0
10720,0
10721,0
10722,0
10723,0
10724,0
10725,0
10726,0
10727,0
10728,0
10729,0
10730,0
10731,0
10732,0
10733,0
10734,0
10735,0
10736,0
10737,0
10738,0
10739,0
10740,0
10741,0
10742,0
10743,0
10744,0
10745,0
10746,0
10747,0
10748,0
10749,0
10750,0
10751,0
10752,0
10753,0
10754,0
10755,0
10756,0
10757,0
10758,0
10759,0
10760,0
10761,0
10762,0
10763,0
10764,0
10765,0
10766,0
10767,0
10768,0
10769,0
10770,0
10771,0
10772,0
10773,0
10774,0
10775,0
10776,0
10777,0
10778,0
10779,0
10780,0
10781,0
10782,0
10783,0
10784,0
10785,0
10786,0
10787,0
10788,0
10789,0
10790,0
10791,0
10792,0
10793,0
10794,0
10795,0
10796,0
10797,0
10798,0
10799,0
10800,0
10801,0
10802,0
10803,0
10804,0
10805,0
10806,0
10807,0
10808,0
10809,0
10810,0
10811,0
10812,0
10813,0
10814,0
10815,0
10816,0
10817,0
10818,0
10819,0
10820,0
10821,0
10822,0
10823,0
10824,0
10825,0
10826,0
10827,0
10828,0
10829,0
10830,0
10831,0
10832,0
10833,0
10834,0
10835,0
10836,0
10837,0
10838,0
10839,0
10840,0
10841,0
10842,0
10843,0
10844,0
10845,0
10846,0
10847,0
10848,0
10849,0
10850,0
10851,0
10852,0
10853,0
10854,0
10855,0
10856,0
10857,0
10858,0
10859,0
10860,0
10861,0
10862,0
10863,0
10864,0
10865,0
10866,0
10867,0
10868,0
10869,0
10870,0
10871,0
10872,0
10873,0
10874,0
10875,0
10876,0
10877,0
10878,0
10879,0
10880,0
10881,0
10882,0
10883,0
10884,0
10885,0
10886,0
10887,0
10888,0
10889,0
10890,0
10891,0
10892,0
10893,0
10894,0
10895,0
10896,0
10897,0
10898,0
10899,0
10900,0
10901,0
10902,0
10903,0
10904,0
10905,0
10906,0
10907,0
10908,0
10909,0
10910,0
10911,0
10912,0
10913,0
10914,0
10915,0
10916,0
10917,0
10918,0
10919,0
10920,0
10921,0
10922,0
10923,0
10924,0
10925,0
10926,0
10927,0
10928,0
10929,0
10930,0
10931,0
10932,0
10933,0
10934,0
10935,0
10936,0
10937,0
10938,0
10939,0
10940,0
10941,0
10942,0
10943,0
10944,0
10945,0
10946,0
10947,0
10948,0
10949,0
10950,0
10951,0
10952,73810
10953,0
10954,0
10955,0
10956,0
10957,0
10958,0
10959,0
10960,0
10961,0
10962,0
10963,0
10964,0
10965,0
10966,0
10967,0
10968,0
10969,0
10970,0
10971,0
10972,0
10973,0
10974,0
10975,1
10976,0
10977,0
10978,0
10979,0
10980,0
10981,0
10982,0
10983,0
10984,0
10985,0
10986,0
10987,0
10988,0
10989,0
10990,0
10991,0
10992,0
10993,0
10994,0
10995,0
10996,0
10997,0
10998,0
10999,0
11000,0
11001,0
11002,0
11003,0
11004,0
11005,0
11006,0
11007,0
11008,0
11009,0
11010,0
11011,0
11012,0
11013,0
11014,0
11015,0
11016,0
11017,0
11018,0
11019,0
11020,0
11021,0
11022,0
11023,0
11024,0
11025,0
11026,17
11027,0
11028,0
11029,0
11030,0
11031,0
11032,136
11033,62
11034,1377
11035,227
11036,0
11037,0
11038,92
11039,0
11040,0
11041,0
11042,0
11043,0
11044,1469792
11045,0
11046,0
11047,0
11048,0
11049,0
11050,867976
11051,0
11052,309788
11053,0
11054,0
11055,1
11056,0
11057,2
11058,768
11059,26
11060,0
11061,117
11062,0
11063,3291
11064,87
11065,5588
11066,1032
11067,0
11068,0
11069,0
11070,0
11071,0
11072,0
11073,0
11074,0
11075,0
11076,0
11077,5
11078,0
11079,281
11080,1
11081,0
11082,0
11083,0
11084,0
11085,0
11086,0
11087,0
11088,0
11089,1
11090,0
11091,0
11092,10
11093,0
11094,0
11095,5
11096,0
11097,0
11098,0
11099,1
11100,0
11101,0
11102,0
11103,0
11104,0
11105,0
11106,0
11107,0
11108,0
11109,0
11110,0
11111,23
11112,7
11113,543
11114,24356
11115,0
11116,40
11117,85
11118,5
11119,296
11120,22
11121,0
11122,0
11123,0
11124,0
11125,0
11126,0
11127,2
11128,88
11129,0
11130,43
11131,0
11132,0
11133,0
11134,0
11135,0
11136,0
11137,0
11138,0
11139,48
11140,3328
11141,4496
11142,11
11143,553
11144,184
11145,2
11146,0
11147,0
11148,1
11149,0
11150,0
11151,0
11152,1
11153,0
11154,163
11155,0
11156,0
11157,0
11158,0
11159,0
11160,0
11161,0
11162,53005
11163,29
11164,883
11165,0
11166,0
11167,0
11168,8
11169,0
11170,0
11171,0
11172,0
11173,1
11174,178
11175,210
11176,0
11177,0
11178,0
11179,0
11180,0
11181,0
11182,0
11183,0
11184,0
11185,0
11186,0
11187,0
11188,0
11189,0
11190,2
11191,0
11192,29
11193,0
11194,0
11195,0
11196,0
11197,2
11198,4
11199,0
11200,279
11201,0
11202,0
11203,0
11204,0
11205,323
11206,233
11207,0
11208,0
11209,0
11210,0
11211,0
11212,1
11213,18
11214,25
11215,5
11216,12
11217,1
11218,3
11219,0
11220,0
11221,104
11222,0
11223,0
11224,0
11225,0
11226,0
11227,0
11228,295
11229,156
11230,300
11231,1
11232,49
11233,284
11234,142
11235,0
11236,62
11237,7
11238,0
11239,39
11240,20
11241,0
11242,201
11243,2840
11244,2
11245,137
11246,4
11247,439
11248,53
11249,231
11250,6
11251,2
11252,10
11253,12
11254,34
11255,55
11256,0
11257,135
11258,9
11259,24
11260,0
11261,0
11262,0
11263,0
11264,0
11265,0
11266,0
11267,0
11268,0
11269,2
11270,0
11271,16
11272,0
11273,17
11274,2
11275,0
11276,51
11277,3
11278,0
11279,0
11280,2
11281,0
11282,0
11283,1019
11284,0
11285,0
11286,1517
11287,1180
11288,0
11289,70
11290,1030
11291,196
11292,0
11293,2790
11294,20
11295,324
11296,10
11297,998
11298,2247
11299,0
11300,126
11301,1
11302,618
11303,328
11304,5584
11305,0
11306,0
11307,0
11308,0
11309,0
11310,2428
11311,10
11312,94
11313,8
11314,1
11315,0
11316,5
11317,0
11318,0
11319,0
11320,0
11321,46
11322,4
11323,1
11324,1
11325,9
11326,1053
11327,0
11328,0
11329,0
11330,0
11331,0
11332,0
11333,419
11334,326
11335,3050
11336,6
11337,5098
11338,318
11339,0
11340,0
11341,0
11342,1596
11343,0
11344,0
11345,0
11346,0
11347,0
11348,0
11349,262
11350,4861
11351,0
11352,552
11353,0
11354,0
11355,0
11356,0
11357,152
11358,10723
11359,0
11360,16775
11361,5491
11362,751
11363,13
11364,0
11365,0
11366,0
11367,0
11368,0
11369,0
11370,0
11371,126
11372,2296
11373,276
11374,64
11375,1737
11376,12947
11377,8
11378,7
11379,65
11380,0
11381,0
11382,1
11383,0
11384,3
11385,0
11386,11
11387,358
11388,3
11389,0
11390,27
11391,0
11392,0
11393,0
11394,0
11395,0
11396,0
11397,0
11398,0
11399,0
11400,7
11401,9498
11402,0
11403,0
11404,0
11405,26439
11406,46
11407,0
11408,6
11409,0
11410,0
11411,0
11412,0
11413,0
11414,0
11415,3
11416,0
11417,10
11418,2
11419,0
11420,0
11421,12
11422,0
11423,0
11424,0
11425,4
11426,4
11427,186
11428,0
11429,0
11430,0
11431,0
11432,0
11433,2
11434,0
11435,0
11436,0
11437,4
11438,2541
11439,1
11440,66
11441,0
11442,46
11443,0
11444,87
11445,3
11446,66540
11447,4368
11448,0
11449,0
11450,0
11451,0
11452,0
11453,0
11454,0
11455,0
11456,0
11457,0
11458,0
11459,0
11460,18
11461,0
11462,0
11463,0
11464,0
11465,0
11466,0
11467,0
11468,0
11469,0
11470,0
11471,7
11472,0
11473,0
11474,0
11475,0
11476,0
11477,0
11478,0
11479,72
11480,133
11481,675
11482,0
11483,0
11484,0
11485,2673
11486,27695
11487,4
11488,0
11489,0
11490,0
11491,101
11492,0
11493,0
11494,0
11495,3
11496,88318
11497,274
11498,2
11499,0
11500,0
11501,0
11502,0
11503,0
11504,10122
11505,54316
11506,3053
11507,0
11508,6
11509,0
11510,0
11511,0
11512,0
11513,0
11514,0
11515,2
11516,0
11517,0
11518,1
11519,0
11520,4
11521,0
11522,0
11523,0
11524,0
11525,0
11526,0
11527,0
11528,0
11529,1
11530,0
11531,0
11532,60510
11533,1063
11534,75798
11535,2231
11536,0
11537,0
11538,0
11539,0
11540,0
11541,65
11542,0
11543,0
11544,0
11545,1
11546,0
11547,0
11548,3
11549,17
11550,0
11551,20535
11552,78961
11553,6
11554,22
11555,2
11556,63
11557,0
11558,320
11559,2774
11560,0
11561,0
11562,0
11563,0
11564,0
11565,0
11566,0
11567,0
11568,0
11569,0
11570,0
11571,0
11572,0
11573,0
11574,0
11575,0
11576,0
11577,0
11578,268
11579,30
11580,4
11581,0
11582,0
11583,0
11584,24
11585,0
11586,39
11587,0
11588,20
11589,0
11590,6479
11591,0
11592,211
11593,0
11594,0
11595,0
11596,0
11597,8
11598,0
11599,258
11600,72
11601,0
11602,0
11603,0
11604,0
11605,801
11606,45
11607,0
11608,0
11609,19433
11610,0
11611,0
11612,0
11613,0
11614,26
11615,0
11616,0
11617,0
11618,47
11619,0
11620,0
11621,15
11622,0
11623,8
11624,0
11625,0
11626,5809
11627,0
11628,0
11629,0
11630,0
11631,209
11632,0
11633,61
11634,90642
11635,0
11636,0
11637,0
11638,0
11639,0
11640,0
11641,72
11642,0
11643,0
11644,31853
11645,0
11646,27
11647,0
11648,62448
11649,0
11650,0
11651,67
11652,0
11653,47774
11654,44
11655,51935
11656,29
11657,5
11658,14
11659,19235
11660,22
11661,28187
11662,0
11663,9
11664,3500
11665,0
11666,11
11667,3589
11668,0
11669,32781
11670,1
11671,0
11672,0
11673,6600
11674,0
11675,0
11676,136
11677,3516
11678,21
11679,13
11680,0
11681,8
11682,0
11683,0
11684,0
11685,522
11686,0
11687,0
11688,421
11689,0
11690,0
11691,9
11692,0
11693,0
11694,0
11695,0
11696,0
11697,0
11698,0
11699,0
11700,0
11701,0
11702,0
11703,0
11704,0
11705,0
11706,0
11707,0
11708,0
11709,0
11710,0
11711,0
11712,0
11713,1
11714,36
11715,0
11716,0
11717,0
11718,0
11719,0
11720,0
11721,0
11722,0
11723,3
11724,0
11725,0
11726,535
11727,30
11728,1932
11729,733
11730,0
11731,3
11732,1
11733,0
11734,1
11735,0
11736,0
11737,0
11738,1
11739,0
11740,2
11741,0
11742,81
11743,0
11744,0
11745,47
11746,0
11747,1814
11748,332
11749,0
11750,0
11751,46
11752,1
11753,0
11754,0
11755,0
11756,0
11757,0
11758,0
11759,1
11760,0
11761,0
11762,0
11763,0
11764,0
11765,0
11766,0
11767,0
11768,0
11769,0
11770,0
11771,0
11772,0
11773,0
11774,0
11775,0
11776,0
11777,0
11778,0
11779,0
11780,145
11781,508
11782,0
11783,0
11784,0
11785,0
11786,0
11787,0
11788,665
11789,0
11790,0
11791,0
11792,0
11793,0
11794,0
11795,0
11796,0
11797,0
11798,0
11799,6
11800,0
11801,0
11802,1291
11803,480
11804,811
11805,0
11806,1695
11807,0
11808,711
11809,0
11810,0
11811,0
11812,78476
11813,0
11814,1846
11815,9670
11816,0
11817,0
11818,0
11819,0
11820,0
11821,0
11822,0
11823,0
11824,0
11825,0
11826,0
11827,0
11828,0
11829,1960
11830,3423
11831,704
11832,0
11833,22
11834,68
11835,8
11836,0
11837,101
11838,5
11839,606
11840,61
11841,105
11842,271
11843,75
11844,60
11845,8
11846,234
11847,0
11848,0
11849,0
11850,0
11851,0
11852,0
11853,0
11854,0
11855,39
11856,9
11857,91
11858,170
11859,0
11860,0
11861,0
11862,0
11863,0
11864,0
11865,0
11866,0
11867,0
11868,0
11869,0
11870,0
11871,0
11872,0
11873,0
11874,0
11875,0
11876,5
11877,0
11878,0
11879,0
11880,0
11881,0
11882,0
11883,0
11884,0
11885,0
11886,0
11887,0
11888,0
11889,0
11890,0
11891,0
11892,0
11893,0
11894,0
11895,0
11896,0
11897,0
11898,0
11899,0
11900,24
11901,0
11902,43
11903,1
11904,0
11905,0
11906,0
11907,0
11908,0
11909,6
11910,1
11911,3
11912,0
11913,0
11914,731
11915,0
11916,0
11917,0
11918,0
11919,2248
11920,159
11921,0
11922,2
11923,0
11924,0
11925,0
11926,0
11927,0
11928,0
11929,0
11930,0
11931,10
11932,8
11933,1
11934,0
11935,17
11936,3
11937,52
11938,2
11939,0
11940,0
11941,0
11942,0
11943,6832
11944,412
11945,0
11946,0
11947,0
11948,0
11949,27
11950,0
11951,0
11952,0
11953,0
11954,73
11955,0
11956,3
11957,0
11958,0
11959,0
11960,0
11961,0
11962,0
11963,0
11964,0
11965,7
11966,0
11967,0
11968,0
11969,0
11970,0
11971,0
11972,0
11973,0
11974,0
11975,0
11976,168
11977,0
11978,0
11979,193
11980,0
11981,0
11982,4
11983,1
11984,102
11985,6
11986,125
11987,0
11988,0
11989,0
11990,0
11991,0
11992,4
11993,0
11994,0
11995,0
11996,0
11997,4
11998,30
11999,13
12000,0
12001,3
12002,0
12003,0
12004,0
12005,0
12006,0
12007,0
12008,0
12009,0
12010,0
12011,0
12012,0
12013,0
12014,0
12015,0
12016,0
12017,0
12018,0
12019,0
12020,5
12021,0
12022,0
12023,0
12024,0
12025,0
12026,0
12027,40
12028,5
12029,14
12030,1
12031,1
12032,0
12033,0
12034,0
12035,0
12036,1
12037,0
12038,0
12039,0
12040,0
12041,5
12042,0
12043,0
12044,2
12045,1
12046,0
12047,2
12048,14
12049,0
12050,0
12051,0
12052,0
12053,0
12054,0
12055,0
12056,39
12057,0
12058,370
12059,0
12060,0
12061,0
12062,5
12063,0
12064,4
12065,4
12066,0
12067,57
12068,0
12069,0
12070,0
12071,0
12072,1
12073,0
12074,189
12075,0
12076,201
12077,0
12078,76
12079,12
12080,0
12081,19
12082,140
12083,0
12084,0
12085,6
12086,0
12087,0
12088,0
12089,0
12090,2
12091,0
12092,0
12093,0
12094,0
12095,0
12096,0
12097,0
12098,0
12099,0
12100,0
12101,111
12102,111
12103,0
12104,0
12105,0
12106,1
12107,40
12108,4
12109,0
12110,0
12111,0
12112,51
12113,0
12114,0
12115,0
12116,2
12117,0
12118,0
12119,0
12120,0
12121,0
12122,0
12123,0
12124,0
12125,0
12126,0
12127,0
12128,10
12129,0
12130,0
12131,0
12132,0
12133,0
12134,0
12135,0
12136,0
12137,0
12138,0
12139,0
12140,0
12141,0
12142,0
12143,0
12144,0
12145,0
12146,0
12147,0
12148,0
12149,0
12150,0
12151,0
12152,0
12153,0
12154,0
12155,0
12156,8
12157,0
12158,0
12159,0
12160,0
12161,0
12162,0
12163,0
12164,0
12165,0
12166,0
12167,50
12168,45
12169,0
12170,198
12171,293
12172,0
12173,0
12174,0
12175,0
12176,76
12177,2
12178,0
12179,0
12180,38
12181,17505
12182,7158
12183,0
12184,2
12185,0
12186,0
12187,0
12188,7066
12189,1146
12190,805
12191,7089
12192,4967
12193,42855
12194,23262
12195,0
12196,0
12197,0
12198,0
12199,0
12200,19
12201,2640
12202,464
12203,27
12204,3210
12205,9015
12206,10664
12207,680
12208,298
12209,2269
12210,2751
12211,428
12212,0
12213,0
12214,0
12215,0
12216,0
12217,0
12218,0
12219,0
12220,0
12221,0
12222,0
12223,0
12224,0
12225,0
12226,0
12227,0
12228,0
12229,0
12230,0
12231,0
12232,0
12233,0
12234,0
12235,0
12236,0
12237,0
12238,0
12239,0
12240,0
12241,0
12242,0
12243,0
12244,0
12245,0
12246,0
12247,0
12248,0
12249,0
12250,0
12251,0
12252,0
12253,0
12254,0
12255,0
12256,0
12257,0
12258,0
12259,0
12260,0
12261,0
12262,0
12263,0
12264,0
12265,0
12266,0
12267,0
12268,0
12269,0
12270,0
12271,0
12272,0
12273,0
12274,0
12275,0
12276,0
12277,0
12278,0
12279,0
12280,0
12281,0
12282,0
12283,0
12284,0
12285,0
12286,0
12287,0
12288,0
12289,0
12290,0
12291,0
12292,0
12293,0
12294,0
12295,0
12296,0
12297,0
12298,0
12299,0
12300,0
12301,0
12302,0
12303,0
12304,0
12305,0
12306,0
12307,0
12308,0
12309,2
12310,114
12311,0
12312,0
12313,0
12314,0
12315,82
12316,0
12317,0
12318,0
12319,0
12320,567
12321,388
12322,1
12323,0
12324,0
12325,0
12326,17466
12327,0
12328,0
12329,0
12330,0
12331,0
12332,0
12333,1170
12334,314
12335,13
12336,1312
12337,0
12338,1
12339,0
12340,0
12341,0
12342,0
12343,82
12344,14
12345,3566
12346,6584
12347,7373
12348,3089
12349,1681
12350,0
12351,0
12352,0
12353,0
12354,0
12355,0
12356,0
12357,0
12358,0
12359,0
12360,0
12361,0
12362,0
12363,0
12364,0
12365,0
12366,0
12367,0
12368,0
12369,0
12370,0
12371,0
12372,0
12373,0
12374,0
12375,0
12376,0
12377,0
12378,0
12379,0
12380,0
12381,0
12382,0
12383,0
12384,0
12385,0
12386,0
12387,0
12388,0
12389,0
12390,0
12391,0
12392,0
12393,0
12394,0
12395,0
12396,0
12397,0
12398,0
12399,0
12400,0
12401,0
12402,0
12403,0
12404,0
12405,0
12406,0
12407,0
12408,0
12409,0
12410,0
12411,0
12412,0
12413,0
12414,0
12415,0
12416,0
12417,0
12418,0
12419,0
12420,0
12421,0
12422,0
12423,0
12424,0
12425,0
12426,0
12427,0
12428,0
12429,0
12430,0
12431,0
12432,0
12433,0
12434,0
12435,0
12436,0
12437,0
12438,0
12439,0
12440,0
12441,0
12442,0
12443,0
12444,0
12445,0
12446,0
12447,0
12448,0
12449,0
12450,0
12451,0
12452,0
12453,0
12454,0
12455,0
12456,0
12457,1
12458,22
12459,3229
12460,14257
12461,0
12462,0
12463,68
12464,0
12465,0
12466,20
12467,0
12468,0
12469,0
12470,0
12471,0
12472,0
12473,2123
12474,12224
12475,0
12476,0
12477,0
12478,0
12479,484
12480,0
12481,1
12482,0
12483,0
12484,0
12485,0
12486,0
12487,0
12488,0
12489,6
12490,0
12491,2
12492,0
12493,0
12494,0
12495,0
12496,0
12497,0
12498,0
12499,0
12500,0
12501,63
12502,0
12503,0
12504,0
12505,0
12506,0
12507,41
12508,0
12509,24
12510,0
12511,0
12512,0
12513,0
12514,0
12515,0
12516,0
12517,0
12518,0
12519,1
12520,0
12521,1
12522,9
12523,353
12524,0
12525,0
12526,0
12527,0
12528,0
12529,0
12530,0
12531,72
12532,223
12533,0
12534,2
12535,0
12536,0
12537,10
12538,4
12539,0
12540,0
12541,0
12542,20
12543,0
12544,0
12545,0
12546,431
12547,1914
12548,4810
12549,31394
12550,0
12551,0
12552,0
12553,1
12554,0
12555,0
12556,0
12557,0
12558,13
12559,0
12560,8403
12561,0
12562,0
12563,20
12564,20849
12565,0
12566,1241
12567,0
12568,0
12569,0
12570,0
12571,0
